Du bist großartig, danke!
Ich bin sehr erleichtert, danke!
Danke, dass du mir geholfen hast!
Ich bin froh, dass es dich gibt, danke!
Ich bin sehr dankbar für deine Unterstützung!
Ich danke dir für deine Freundlichkeit und Hilfe!
Ich bin so dankbar für deine Unterstützung!
Ich möchte mich bei dir bedanken!
Das ist sehr nett von dir, vielen Dank!
Ich danke dir für deine Freundlichkeit!
Deine Hilfe hat den Unterschied gemacht, danke!
Danke, das ist sehr nett!
Danke für deine Mühe!
Das ist sehr aufmerksam von dir, danke!
Danke für deine wertvolle Zeit und Mühe!
Ich danke dir für deine Geduld!
Ich danke dir vielmals!
Ich bin dankbar für deine Geduld!
Ich kann dir gar nicht genug danken!
Ich danke dir von ganzem Herzen!
Ich bin so froh, dass du da bist, danke!
Wow, danke!
Ich danke dir für deine Hilfe!
Ich danke dir für deine unendliche Geduld!
Das bedeutet mir sehr viel, danke!
Ich danke dir für deine Unterstützung!
Ich bin dir dankbar!
Ich bin dir wirklich dankbar für deine Mühe!
Ich weiß deine Hilfe wirklich zu schätzen, danke!
Das ist sehr großzügig von dir, vielen Dank!
Das ist sehr hilfreich, danke!
Großartig, danke!
Das ist sehr großzügig von dir, danke!
Ich bin so dankbar für deine wertvolle Unterstützung!
Ich bin froh, dass du da bist!
Ich bin wirklich dankbar für deine Zeit!
Ich danke dir für deine Zeit!
Das ist sehr nett von dir, danke!
Du hast mir sehr geholfen, danke!
Deine Hilfe bedeutet mir sehr viel, danke!
Danke!
Das ist sehr nett von dir!
Tausend Dank!
Ich bin wirklich erleichtert, danke!
Ich schätze deine großzügige Hilfe, danke!
Deine Hilfe hat mir sehr geholfen, danke!
Vielen Dank!
Ich schätze deine Hilfe!
Ich bin dir wirklich dankbar für deine Hilfe!
Super, vielen Dank!
Ich danke dir aufrichtig!
Vielen, vielen Dank!
Ich danke dir für deine Expertise und Hilfe!
Du bist großartig, danke dafür!
Ich schätze deine Zeit und Mühe!
Das war sehr hilfreich, vielen Dank!
Ich danke dir von Herzen!
Herzlichen Dank!
Ich bin dir sehr dankbar für deine Hilfe!
Danke für alles, was du getan hast!
Ich bin wirklich froh, dass es dich gibt!
