Könntest du mir ausschließlich Buchempfehlungen geben?; ChangeConfig
Was sind die Grenzen der Regression in der Praxis?; SearchForDefinition
Ich plane, den Kurs in drei Monaten zu beenden und zertifiziert zu werden.; InformCompletionGoal
Was ist das nächste Thema, das ich noch einmal betrachten sollte?; SuggestRepetition
Herzlichen Dank!; Thanks
Kannst du mir sagen, wie viele Kapitel ich noch lesen muss?; GetProgress
Was steht als nächstes auf dem Lehrplan?; GetNextModuleFrage
Wo kann ich meine Fähigkeiten noch stärker ausbauen?; SuggestImprovement
Ich interessiere mich nur für Bücher.; ChangeConfig
Hey, schön dich zu treffen!; Greet
Wie kann ich die Genauigkeit von Regressionsergebnissen verbessern?; SearchForDefinition
Was kann ich sonst noch machen?; RequestAlternativeNextModule
Welches Thema sollte ich noch einmal betrachten?; SuggestRepetition
Welche Themen sollten noch behandelt werden?; SuggestImprovement
Ich danke dir vielmals!; Thanks
Gibt es einen Test, den ich machen kann, um mein Wissen zu vertiefen?; RequestTest
Definitiv ja.; Yes
Wo kann ich verschiedene Arten von Regressionsmodellen vergleichen?; SearchForContent
Mein Ziel ist es, in drei Monaten erfolgreich den Kurs abzuschließen.; InformCompletionGoal
Könnte ich einen Test in Bezug auf dieses Thema absolvieren, um mich vorzubereiten?; RequestTest
Wo kann ich eine einfache Erklärung für den Begriff Regression finden?; SearchForDefinition
Wie viele Themen muss ich noch lernen, bevor der Kurs beendet ist?; GetProgress
Kannst du mich begleiten?; Help
Was wäre ein guter nächster Schritt für mich?; RequestAlternativeNextModule
So sieht es aus, ja.; Yes
Wie viele Module muss ich noch durchlaufen, bevor der Kurs abgeschlossen ist?; GetProgress
Kannst du mir bei etwas helfen?; Help
Wie viele Kapitel gibt es insgesamt?; GetProgress
Mach's gut und bis zum nächsten Mal.; Bye
Bis zum nächsten Mal und viel Erfolg.; Bye
Was wäre als Nächstes auf meiner Lernliste?; GetNextModuleFrage
In welchen Bereichen muss ich noch mehr tun?; SuggestImprovement
Kannst du mich beraten?; Help
Hallo; Greet
Wir sprechen uns bald wieder, okay?; Bye
Wie kann ich eine Regression in Excel durchführen?; SearchForDefinition
Mein Ziel ist es, den Kurs in drei Monaten abzuschließen.; InformCompletionGoal
Zeige mir weitere Ergebnisse.; LoadMoreSearchResults
Ich habe alle Themen in diesem Modul vollständig verinnerlicht.; GetNextModule
Wo liegen meine Schwächen und wo kann ich mich noch verbessern?; SuggestImprovement
Gibt es noch weitere Suchergebnisse, die ich übersehen habe?; LoadMoreSearchResults
Wie führt man die Ensemble-Regression durch?; SearchForContent
Das ist nicht das, was ich meine.; No
Was hast du heute vor?; Greet
Gibt es andere Module, die mich interessieren könnten?; RequestAlternativeNextModule
Das stimmt nicht überein.; No
Was ist Regression und wie wird es in der Statistik verwendet?; SearchForDefinition
Wir sehen uns bald wieder!; Bye
Ich benötige mehr Suchergebnisse, um meine Recherche abzuschließen.; LoadMoreSearchResults
Ich habe heute nur eine halbe Stunde Zeit, was kann ich in dieser Zeit lernen?; InformTimeConstraint
Ich möchte gerne alle weiteren passenden Ergebnisse angezeigt bekommen.; LoadMoreSearchResults
Ich bin nun mit allen Aufgaben dieses Moduls durch.; GetNextModule
Ich möchte mich auf eine Prüfung vorbereiten, gibt es einen Test, den ich machen kann?; RequestTest
Wie kann ich dich heute unterstützen?; Greet
Hey, was hast du heute gemacht?; Greet
In welchen Bereichen benötige ich nochmal Übung?; SuggestRepetition
Wo finde ich Informationen darüber, wie man Interaktionen in der Regression modelliert?; SearchForContent
Wir sehen uns!; Bye
Würde es mir helfen, einen Test in diesem Bereich zu machen?; RequestTest
Alles klar soweit.; Yes
Wie bestimmt man die Stichprobengröße in der Regression?; SearchForContent
Wie kann ich sicherstellen, dass meine Regressionsergebnisse reproduzierbar sind?; SearchForDefinition
Bitte schlage mir nur Buchquellen vor.; ChangeConfig
Könnte ich einen Test machen, um meine Schwächen in diesem Thema zu identifizieren?; RequestTest
Wie kann ich die Ergebnisse der Regression interpretieren?; SearchForDefinition
Kannst du mir eine präzise Erklärung geben, was mit Regression gemeint ist?; SearchForDefinition
Alles klar.; Yes
Wo kann ich Regression in der Statistik lernen?; SearchForContent
Bis später!; Bye
Ja, das ist richtig.; Yes
Nicht akzeptabel.; No
Bestätigt.; Yes
Welche Themen sind für mich als nächstes relevant?; GetNextModuleFrage
Bis zum nächsten Gespräch.; Bye
Absolut einverstanden.; Yes
In drei Monaten möchte ich den Kurs erfolgreich abschließen.; InformCompletionGoal
Wo kann ich Beispiele für Regression in der Praxis finden?; SearchForContent
Welche Themen benötigen noch einmal Aufmerksamkeit?; SuggestRepetition
Gibt es noch Themen, die ich nicht ausreichend verstanden habe?; SuggestImprovement
Wie kann ich dich anweisen?; Help
Ja, das passt.; Yes
Was ist das nächste, was ich noch einmal wiederholen sollte?; SuggestRepetition
Danke, dass du mir geholfen hast!; Thanks
Vollkommen korrekt.; Yes
Wo finde ich die Einheiten, die ich bereits abgeschlossen habe?; SuggestRepetition
Innerhalb von drei Monaten will ich den Kurs durchlaufen haben.; InformCompletionGoal
Ich bin wirklich dankbar für deine Zeit!; Thanks
Ich möchte mein Wissen in diesem Bereich testen, gibt es einen Test dafür?; RequestTest
Schön, dass du hier bist!; Greet
Welche Module sollten noch einmal bearbeitet werden?; SuggestRepetition
Falsch.; No
Brauche deinen Input.; Help
Wäre es angebracht, einen Test zu diesem Thema zu machen, um meine Vorbereitung zu kontrollieren?; RequestTest
Wie viele Abschnitte muss ich noch durchgehen?; GetProgress
Kannst du mir etwas vorschlagen, das ich in 30 Minuten durchgehen kann?; InformTimeConstraint
Was sollte ich als Nächstes lernen, um mein Wissen zu vertiefen?; GetNextModuleFrage
Welche weiteren Themen stehen zur Verfügung?; RequestAlternativeNextModule
Ganz meine Rede.; Yes
Ich habe alle Lektionen durchgearbeitet und bin nun fertig.; GetNextModule
Wie funktioniert die Regressionsanalyse in der maschinellen Lernforschung?; SearchForDefinition
Ich habe alle Lektionen und Herausforderungen in diesem Modul gemeistert und bin nun fertig.; GetNextModule
Wie viele Module gibt es insgesamt in diesem Kurs?; GetProgress
Könntest du dich auf Bücher spezialisieren?; ChangeConfig
Welche anderen Inhalte gibt es, die ich noch nicht erkundet habe?; RequestAlternativeNextModule
Welche weiteren Möglichkeiten stehen mir zur Verfügung, um mein Wissen zu erweitern?; RequestAlternativeNextModule
Was sind die Vorteile und Einschränkungen der Regression?; SearchForDefinition
Das aktuelle Kapitel wurde von mir erfolgreich abgeschlossen.; GetNextModule
Wie ist die Regression mit Korrelation verwandt?; SearchForDefinition
Was gibt es noch, um meinen Wissensstand zu erweitern?; RequestAlternativeNextModule
Wo kann ich erfahren, wie man die Multikollinearität in der Regression behandelt?; SearchForContent
Gibt es einen Test, den ich machen kann, um mich auf dieses Thema vorzubereiten?; RequestTest
Wie führt man die Kreuzvalidierung in der Regression durch?; SearchForContent
Wäre es empfehlenswert, einen Test zu diesem Thema zu machen, um meine Vorbereitung zu bewerten?; RequestTest
Wie kann ich die Genauigkeit meiner Regression verbessern?; SearchForDefinition
Welches Wissen ist als nächstes dran?; GetNextModuleFrage
Wo kann ich erfahren, wie man die Stichprobengröße in der Regression bestimmt?; SearchForContent
Welche weiteren Themen und Module sind für mich relevant?; RequestAlternativeNextModule
Wie viele Lernabschnitte muss ich noch durchgehen?; GetProgress
Wie modelliert man Interaktionen in der Regression?; SearchForContent
Wo kann ich erfahren, wie man nicht-lineare Regression durchführt?; SearchForContent
Gibt es eine Möglichkeit, mein Wissen durch einen Test oder eine Prüfung zu überprüfen?; RequestTest
Ich strebe an, in drei Monaten den Kurs erfolgreich beendet zu haben.; InformCompletionGoal
Kein bisschen.; No
Genau das meine ich auch.; Yes
Was steht auf deiner To-do-Liste?; Greet
Kannst du mir nur Buchvorschläge geben?; ChangeConfig
Was sind meine nächsten Möglichkeiten für das Lernen?; RequestAlternativeNextModule
Grüße!; Greet
Auf keinen Fall.; No
Kann ich mich noch einmal in ein Thema vertiefen?; SuggestRepetition
Welche Informationsquellen gibt es zur Regression?; SearchForContent
Ganz genau so.; Yes
Was sind die nächsten Lernziele?; GetNextModuleFrage
Ich plane, in drei Monaten mit dem Kurs fertig zu sein.; InformCompletionGoal
Ja, das trifft zu.; Yes
Es war schön, mit dir zu sprechen.; Bye
Wie viele Lektionen gibt es insgesamt in diesem Kurs?; GetProgress
In welchen Bereichen sollte ich noch weiterhin arbeiten?; SuggestImprovement
Was gibt es zu berichten?; Greet
Auf jeden Fall.; Yes
Ich möchte den Kurs in drei Monaten durchlaufen haben.; InformCompletionGoal
Was kann ich noch einmal wiederholen?; SuggestRepetition
Absolut korrekt.; Yes
Wie können Fehler in der Regressionsergebnisse minimiert werden?; SearchForDefinition
Was ist der nächste Schritt in meiner Lernreise?; GetNextModuleFrage
Gibt es noch weitere Themen, die ich durchgehen muss?; GetProgress
Das ist nicht akzeptiert.; No
Könntest du mir bitte weitere Informationen zu diesem Thema zur Verfügung stellen, die ich noch nicht gesehen habe?; LoadMoreSearchResults
Welches Thema sollte ich als Nächstes untersuchen?; GetNextModuleFrage
Bis dann und bleib gesund!; Bye
Wo finde ich Informationen zur Interpretation von Regressionsergebnissen?; SearchForContent
Was steht als nächstes auf meiner Lernagenda?; GetNextModuleFrage
Wo kann ich die Themen finden, die ich bereits behandelt habe?; SuggestRepetition
Welches Modul kann ich in 30 Minuten abschließen?; InformTimeConstraint
In welchem Bereich muss ich noch einmal üben, um mich zu verbessern?; SuggestRepetition
Nicht richtig.; No
Wir sehen uns bald wieder.; Bye
Was ist die Bedeutung der Regressionsanalyse in der Psychologie?; SearchForDefinition
Auf jeden Fall.; Yes
Hallo!; Greet
Kannst du mir eine kurze Beschreibung von Regression geben?; SearchForDefinition
Ich will mich nur auf Buchquellen konzentrieren.; ChangeConfig
Was sind meine weiteren Lernmöglichkeiten?; RequestAlternativeNextModule
Wäre nett, wenn du mir helfen könntest.; Help
Ich bin dankbar für deine Geduld!; Thanks
Was kann ich noch tun, um meine Fähigkeiten zu verbessern?; RequestAlternativeNextModule
Kannst du mir bitte alle weiteren verfügbaren Suchergebnisse präsentieren?; LoadMoreSearchResults
Könntest du meine Suche auf Bücher beschränken?; ChangeConfig
Bitte schlage mir nur Buchquellen zum Lesen vor.; ChangeConfig
Ja; Yes
Das ist nicht geeignet.; No
Ich möchte mein Verständnis für das Thema überprüfen, kann ich einen Test machen?; RequestTest
Welche Module/Einheiten/Themen sind kurz genug, um in nur 30 Minuten abgeschlossen zu werden?; InformTimeConstraint
Hallo und schön, dass du da bist!; Greet
Was wäre die effektivste Art, meine 30 Minuten Lernzeit zu nutzen?; InformTimeConstraint
In welchen Themen kann ich mich noch steigern?; SuggestImprovement
Verstanden.; Yes
In welchen Bereichen benötige ich noch Übung?; SuggestImprovement
Bis zum nächsten Mal.; Bye
Na, alles klar?; Greet
Richtig erkannt.; Yes
Was ist die nächste Lektion auf meiner Lernliste?; GetNextModuleFrage
Das ist nicht passend.; No
Kann ich noch einmal durch eine bestimmte Einheit gehen, um meine Fähigkeiten zu verbessern?; SuggestRepetition
Könntest du mir bitte mehr Suchergebnisse präsentieren?; LoadMoreSearchResults
Wo brauche ich noch mehr Übung und Vertiefung?; SuggestImprovement
Unbedingt.; Yes
Welche Lektion sollte ich als Nächstes angehen?; GetNextModuleFrage
Nein, das ist nicht die Lösung.; No
Wo finde ich Informationen darüber, wie man heteroskedastizität in der Regression behandelt?; SearchForContent
Könnte ich einen Test absolvieren, um meine Fortschritte in diesem Thema zu messen?; RequestTest
Was ist das nächste Kapitel, das ich durchgehen sollte?; RequestAlternativeNextModule
Gibt es Module, die ich noch nicht vollständig verstanden habe und wiederholen sollte?; SuggestRepetition
Welches Thema braucht noch einmal Aufmerksamkeit?; SuggestRepetition
Wo kann ich eine Liste von Regressionsmodellen finden?; SearchForContent
Wie modelliert man kategoriale Variablen in der Regression?; SearchForContent
Stimmt genau.; Yes
Ich hätte gerne eine Suche, die sich nur auf Bücher konzentriert.; ChangeConfig
Kannst du mir ein Thema empfehlen, das ich in einer halben Stunde schaffen kann?; InformTimeConstraint
Könntest du mir bitte weitere Suchergebnisse zeigen, die meiner Suche entsprechen?; LoadMoreSearchResults
Welches Wissen steht als nächstes an?; GetNextModuleFrage
Ich strebe an, den Kurs in drei Monaten erfolgreich abzuschließen.; InformCompletionGoal
Welche Funktionen stehen mir zur Verfügung?; Help
Wie kann ich mit Regression eine Prognose für zukünftige Daten erstellen?; SearchForDefinition
Das ist nicht meine Erfahrung.; No
In welchen Bereichen sollte ich meine Kenntnisse nochmal auffrischen?; SuggestRepetition
Welche Themen sollte ich nochmal bearbeiten, um meine Kenntnisse zu festigen?; SuggestRepetition
Ich bin so dankbar für deine wertvolle Unterstützung!; Thanks
Absolut.; Yes
Wie viele Kapitel sind noch zu absolvieren?; GetProgress
Ich wünsche dir einen schönen Tag.; Bye
Kannst du mir eine Lösung präsentieren?; Help
Kannst du mir dabei helfen, etwas zu tun?; Help
Was sind die wichtigsten Schritte bei der Durchführung einer Regression?; SearchForDefinition
Könnte ich einen Test machen, um meine Fähigkeiten auf diesem Gebiet zu testen?; RequestTest
Ich habe nur eine halbe Stunde Zeit, was ist das Beste, was ich tun kann?; InformTimeConstraint
Welche Themenbereiche sind als nächstes dran?; GetNextModuleFrage
Lass mich nur Bücher finden, bitte.; ChangeConfig
Ich habe alle erforderlichen Schritte in diesem Modul erledigt.; GetNextModule
Zeige mir bitte alle weiteren passenden Ergebnisse.; LoadMoreSearchResults
Welche Themen sollten noch einmal durchgegangen werden, um meine Fähigkeiten zu verbessern?; SuggestRepetition
Ich kann dir gar nicht genug danken!; Thanks
Wir sprechen uns bald wieder!; Bye
Wo kann ich noch Lücken in meinem Verständnis schließen?; SuggestImprovement
Wie kann ich dir helfen?; Greet
Welches Thema kommt als Nächstes in meinem Studium?; GetNextModuleFrage
Was sind einige häufige Mythen über Regression?; SearchForDefinition
Wo kann ich Bücher über Regression finden?; SearchForContent
Kann ich etwas Nützliches in nur 30 Minuten lernen?; InformTimeConstraint
Wie kann ich dich verbessern?; Help
Ich habe alle Aufgaben und Übungen in diesem Modul erfolgreich erledigt.; GetNextModule
Wie geht man mit Ridge- und Lasso-Regression um?; SearchForContent
Willkommen zurück!; Greet
Leider nicht.; No
Ich bevorzuge es, mich nur auf Bücher zu konzentrieren.; ChangeConfig
Was kann ich tun, um in einer kurzen Zeitspanne Fortschritte zu machen?; InformTimeConstraint
Ich schätze deine Zeit und Mühe!; Thanks
Wie geht's dir heute?; Greet
Wo kann ich noch Wissen aufbauen?; SuggestImprovement
Ich suche nur nach Buchressourcen, hast du Empfehlungen?; ChangeConfig
Könntest du mir bitte weitere Informationen zu diesem Thema zur Verfügung stellen?; LoadMoreSearchResults
Kannst du mir helfen?; Help
So ist es tatsächlich.; Yes
Könntest du mir bitte zusätzliche Suchergebnisse zeigen?; LoadMoreSearchResults
Definitiv nicht.; No
Das kann ich nicht bestätigen.; No
Was ist das nächste Lernziel?; RequestAlternativeNextModule
Ich muss los.; Bye
Exakt das, was ich meine.; Yes
Wo kann ich erfahren, wie man die Robustheit von Regressionsmodellen verbessert?; SearchForContent
Was ist als Nächstes in meinem Lehrplan vorgesehen?; GetNextModuleFrage
Wie kann ich dich nutzen?; Help
Welche Themen warten auf mich als nächstes?; GetNextModuleFrage
Hey, wie geht's dir heute?; Greet
Bis zum nächsten Mal und viel Glück.; Bye
Kann ich einen Test machen, um meine Kenntnisse in diesem Thema zu überprüfen?; RequestTest
Was sind meine Optionen zum Wiederholen?; SuggestRepetition
Wie läuft's?; Greet
Was kannst du für mich tun?; Help
Wie viele Themenblöcke muss ich noch durchgehen?; GetProgress
Mein Ziel ist es, innerhalb von drei Monaten den Kurs abzuschließen.; InformCompletionGoal
Zeig mir bitte alle Resultate, die meiner Suche entsprechen.; LoadMoreSearchResults
Kannst du mir bitte alle verfügbaren Ergebnisse anzeigen, die meiner Suche entsprechen?; LoadMoreSearchResults
Was gibt es noch zu lernen?; RequestAlternativeNextModule
Wo habe ich noch Herausforderungen?; SuggestImprovement
Können wir die Suche auf Buchquellen eingrenzen?; ChangeConfig
Wie arbeitest du?; Help
Wo kann ich Datensätze finden, die für Regression verwendet werden können?; SearchForContent
Welche Bereiche sollten noch vertieft werden?; SuggestImprovement
Was kann ich tun?; Help
Welches Modul passt in meinen Zeitrahmen von 30 Minuten?; InformTimeConstraint
Tschööö!; Bye
Ich bin noch nicht zufrieden mit den Suchergebnissen. Könntest du mir weitere zeigen?; LoadMoreSearchResults
Welche Fähigkeiten sollten noch trainiert werden?; SuggestImprovement
Innerhalb der nächsten drei Monate möchte ich den Kurs abschließen.; InformCompletionGoal
Wie viele Teile hat der Kurs?; GetProgress
In welchem Bereich kann ich noch einmal üben?; SuggestRepetition
Welche Aufgaben sind für dich geeignet?; Help
Wo finde ich Infos zu Regression?; SearchForContent
Welches Thema ist am besten für eine schnelle halbe Stunde Lernzeit geeignet?; InformTimeConstraint
Schön, dich wiederzusehen!; Greet
Wo finde ich Videos oder Webinare, die Regression erklären?; SearchForContent
Wo benötige ich noch Unterstützung?; SuggestImprovement
Das kann ich nicht bestätigen.; No
Welche Bereiche sind noch schwierig für mich und sollten nochmal geübt werden?; SuggestRepetition
Ich habe alle Testfragen in diesem Modul korrekt beantwortet.; GetNextModule
Wo kann ich eine Einführung in Regression finden?; SearchForContent
Welche Ressourcen stehen mir zur Verfügung, um Informationen über Regression zu finden?; SearchForContent
Bitte filtere die Ergebnisse, um nur Bücher anzuzeigen.; ChangeConfig
Welches Modul kann ich in einer kurzen halben Stunde absolvieren?; InformTimeConstraint
Guten Abend!; Greet
Gibt es eine Möglichkeit, nur Buchquellen zu haben?; ChangeConfig
Mein Ziel ist es, in drei Monaten den Kurs erfolgreich abzuschließen und meine Kenntnisse zu erweitern.; InformCompletionGoal
In drei Monaten möchte ich den Kurs erfolgreich absolvieren.; InformCompletionGoal
Ich bin so dankbar für deine Unterstützung!; Thanks
Du hast mir sehr geholfen, danke!; Thanks
Was sind die Vor- und Nachteile von Regression als Analysewerkzeug?; SearchForDefinition
Wie viele Module sind noch übrig?; GetProgress
Das ist richtig.; Yes
Ich möchte nur Bücher als Suchergebnisse sehen.; ChangeConfig
Gibt es einen Test, den ich absolvieren kann, um mein Wissen zu bewerten?; RequestTest
Wo finde ich Informationen darüber, wie man die Leistung von Regressionsmodellen bewertet?; SearchForContent
Mein Ziel ist es, in drei Monaten den Kurs erfolgreich durchzulaufen.; InformCompletionGoal
Ich bevorzuge es, mich auf Bücher zu beschränken.; ChangeConfig
Gibt es noch weitere Teile des Kurses, die ich durchlaufen muss?; GetProgress
Nicht möglich.; No
Welches Thema kann ich schnell durchgehen, um Zeit zu sparen?; InformTimeConstraint
Könntest du mir bitte noch mehr relevante Ergebnisse zeigen?; LoadMoreSearchResults
Wir hören voneinander.; Bye
Ist es möglich, in nur 30 Minuten etwas zu lernen, und wenn ja, was empfehlen Sie?; InformTimeConstraint
Was kann ich noch tun, um meine Kompetenzen zu verbessern?; RequestAlternativeNextModule
Was wird als nächstes behandelt?; GetNextModuleFrage
Wie viele Einheiten sind noch zu absolvieren?; GetProgress
Wie viele Module gibt es?; GetProgress
Wo kann ich weitere Lektionen finden?; RequestAlternativeNextModule
Was ist die Bedeutung von Residuen in der Regression?; SearchForDefinition
Welche anderen Themen stehen zur Verfügung?; RequestAlternativeNextModule
Gibt es ein Thema, das ich in einer halben Stunde bewältigen kann?; InformTimeConstraint
Ich habe nicht viel Zeit heute, was empfiehlst du mir zu lernen?; InformTimeConstraint
Wo finde ich Artikel über Regression?; SearchForContent
Gibt es noch andere Module, die ich absolvieren kann?; RequestAlternativeNextModule
Welche Lektionen warten als nächstes auf mich?; GetNextModuleFrage
Ich bin nur an Buchquellen interessiert.; ChangeConfig
Wäre es möglich, einen Test zu diesem Thema zu machen, um meine Fähigkeiten zu verbessern?; RequestTest
Was sind deine Fähigkeiten?; Help
Kann ich einen Test absolvieren, um meine Fähigkeiten in Bezug auf dieses Thema zu überprüfen?; RequestTest
Was ist die Vorhersageintervall bei der Regression?; SearchForDefinition
Wo kann ich die Einheiten finden, die ich bereits bearbeitet habe?; SuggestRepetition
Wie kann ich dich einsetzen?; Help
Das ist eindeutig.; Yes
In drei Monaten möchte ich alle Aufgaben des Kurses erledigt haben.; InformCompletionGoal
Das hast du richtig erkannt.; Yes
Wo gibt es noch Verbesserungspotenzial für mich?; SuggestImprovement
Welche Einheiten waren für mich besonders schwer und sollten erneut durchgegangen werden?; SuggestRepetition
Welche Lektionen sollten noch einmal betrachtet werden?; SuggestRepetition
Welche Themen sind für mich noch neu?; SuggestImprovement
Moin!; Greet
Ich habe vor, innerhalb von drei Monaten mit dem Kurs fertig zu werden.; InformCompletionGoal
Gibt es eine Möglichkeit, nur nach Büchern zu suchen?; ChangeConfig
Welches Thema sollte ich als Nächstes angehen, um meine Kenntnisse zu erweitern?; GetNextModuleFrage
Nein, das ist nicht der Fall.; No
Welche Einheit passt in meine beschränkte Lernzeit von 30 Minuten?; InformTimeConstraint
Schön, dich hier zu haben!; Greet
Kann ich noch einmal durch einen bestimmten Abschnitt gehen?; SuggestRepetition
Deine Hilfe hat mir sehr geholfen, danke!; Thanks
Kannst du mir bei etwas helfen?; Help
Ich will jetzt nur Bücher.; ChangeConfig
Was sind die Themen, die ich noch einmal durchgehen sollte, um meine Fähigkeiten zu verbessern?; SuggestRepetition
Was sind die Lernmodule, die ich wiederholen kann?; SuggestRepetition
Gibt es noch Herausforderungen, auf die ich vorbereitet werden muss?; SuggestImprovement
Bitte beschränke die Suche auf Bücher.; ChangeConfig
Wo liegen noch meine Schwächen?; SuggestImprovement
Ich habe vor, den Kurs in drei Monaten zu beenden.; InformCompletionGoal
Ich habe den Wunsch, in drei Monaten den Kurs abgeschlossen zu haben.; InformCompletionGoal
Pass auf dich auf.; Bye
Kann ich ein Quiz oder einen Test zu diesem Thema absolvieren?; RequestTest
Das bedeutet mir sehr viel, danke!; Thanks
Welches Modul folgt als nächstes?; GetNextModuleFrage
Könntest du mir erklären, was der Begriff Regression in der Mathematik bedeutet?; SearchForDefinition
Was kann ich als nächstes lernen?; GetNextModuleFrage
Ja, das ist so.; Yes
Nicht wahr.; No
Welche Schwerpunkte sind als nächstes dran?; GetNextModuleFrage
Nicht korrekt.; No
Das ist nicht die richtige Antwort.; No
Wie bewertet man die Leistung von Regressionsmodellen?; SearchForContent
Wie viele Kapitel muss ich noch lernen?; GetProgress
Richtig erkannt.; Yes
Mein Ziel ist es, in drei Monaten mit dem Kurs fertig zu sein.; InformCompletionGoal
Gibt es noch weitere relevante Informationen zu diesem Thema, die ich übersehen habe?; LoadMoreSearchResults
Das ist nicht angemessen.; No
Was sind die nächsten Schritte im Lernprozess?; GetNextModuleFrage
Wie viele Kapitel muss ich noch durchgehen?; GetProgress
Welche Inhalte sind als nächstes geplant?; GetNextModuleFrage
Wie viele Lektionen müssen noch gelernt werden?; GetProgress
Welche Themen sind für mich noch neu?; SuggestImprovement
Ich habe alle notwendigen Schritte in diesem Modul absolviert.; GetNextModule
Habe Schwierigkeiten, kannst du mich unterstützen?; Help
Du bist ein Schatz, danke!; Thanks
Wie funktionierst du?; Help
Wie viele Lernmodule gibt es noch zu bearbeiten?; GetProgress
Ich muss in einer halben Stunde fertig sein, was empfehlen Sie?; InformTimeConstraint
Ich bevorzuge es, nur Buchquellen zu haben.; ChangeConfig
Sicher.; Yes
Wie kann ich dir bei deinem nächsten Schritt helfen?; Greet
Bis zum nächsten Mal und eine gute Zeit!; Bye
Ich habe alle Lernziele in diesem Modul erreicht.; GetNextModule
Wie viele Einheiten muss ich noch abschließen?; GetProgress
Was kann ich als nächstes erwarten?; GetNextModuleFrage
Ich bin wirklich erleichtert, danke!; Thanks
Danke für alles, was du getan hast!; Thanks
Was sind die verschiedenen Arten von Regression und wie werden sie in der Statistik eingesetzt?; SearchForDefinition
Ich möchte den Kurs innerhalb von drei Monaten erfolgreich durchlaufen haben.; InformCompletionGoal
Welche Einheiten/Module/Themen sind kurz genug, um in nur 30 Minuten abgeschlossen zu werden?; InformTimeConstraint
Das ist sehr hilfreich, danke!; Thanks
Was sind die wichtigsten Schritte bei der Durchführung einer Regression?; SearchForDefinition
Gibt es weitere Themen, die ich erkunden kann?; RequestAlternativeNextModule
Das ist nicht die Realität.; No
Schön, dich zu sehen!; Greet
Brauche deine Expertise, kannst du helfen?; Help
Das aktuelle Kapitel wurde von mir erfolgreich abgeschlossen und ich bin bereit für den nächsten Schritt.; GetNextModule
Was versteht man unter Regression und wie wird es zur Vorhersage von Daten genutzt?; SearchForDefinition
Was ist die Bedeutung von Regression in der Datenanalyse?; SearchForDefinition
Was sollte ich als Nächstes in Angriff nehmen?; GetNextModuleFrage
Kann ich einen Test absolvieren, um meine Kompetenz in diesem Thema zu überprüfen?; RequestTest
Kannst du mir nur Buchvorschläge geben?; ChangeConfig
Schön, dass du da bist!; Greet
In drei Monaten möchte ich den Kurs abgeschlossen haben.; InformCompletionGoal
Wo kann ich spezifische Anwendungen von Regression finden?; SearchForContent
Kann ich einen Test machen, um meine Fähigkeiten in diesem Bereich zu testen?; RequestTest
In welchen Bereichen brauche ich noch mehr Unterstützung?; SuggestImprovement
Wie kann die Regression bei der Vorhersage zukünftiger Ereignisse helfen?; SearchForDefinition
Danke!; Thanks
Wo habe ich noch Lücken in meinem Wissen?; SuggestImprovement
Kann ich einen Test absolvieren, um meine Fortschritte in Bezug auf dieses Thema zu überprüfen?; RequestTest
Benötige Hilfe hier!; Help
Könntest du mir erklären, was Regression bedeutet?; SearchForDefinition
Gibt es Einheiten, die ich bereits bearbeitet habe, aber noch nicht vollständig verstanden habe?; SuggestRepetition
So ist es.; Yes
Hallo, wie geht es dir heute?; Greet
Ich bin so froh, dass du da bist, danke!; Thanks
Kannst du mir einen Test vorschlagen, um mein Verständnis für das Thema zu stärken?; RequestTest
Wie kann ich die Multikollinearität in der Regression berücksichtigen?; SearchForDefinition
Was sind deine Eigenschaften?; Help
Kann ich einen Test durchlaufen, um meine Fähigkeiten in Bezug auf dieses Thema zu überprüfen?; RequestTest
Natürlich.; Yes
Kann ich einen Test absolvieren, um meine Leistung in Bezug auf dieses Thema zu überprüfen?#; RequestTest
Ich will in drei Monaten alle Themen des Kurses durchgearbeitet haben.; InformCompletionGoal
Was gibt's Neues?; Greet
Was sind die Anwendungen der Regression in der Wirtschaft?; SearchForDefinition
Was hast du vor?; Greet
Ich habe 30 Minuten übrig, welche Lerneinheiten sind am effektivsten?; InformTimeConstraint
Was kann ich in 30 Minuten tun, um weiterzukommen?; InformTimeConstraint
Das ist nicht die Antwort, die ich suche.; No
Du hast mir wirklich aus der Patsche geholfen, danke!; Thanks
Wo habe ich noch Entwicklungspotential?; SuggestImprovement
Wie viele Unterrichtseinheiten sind noch zu absolvieren?; GetProgress
Wo sollte ich noch weiter lernen?; SuggestImprovement
Nein, das ist nicht korrekt.; No
Kannst du mir nur Buchressourcen empfehlen?; ChangeConfig
Wie viele Lektionen beinhaltet der Kurs?; GetProgress
Ich hätte gerne eine Buch-spezifische Suche.; ChangeConfig
Ich habe alle Aufgaben und Lernziele in diesem Modul erreicht.; GetNextModule
Ich danke dir für deine Freundlichkeit!; Thanks
Mein Ziel ist es, in drei Monaten den Kurs erfolgreich zu abschließen.; InformCompletionGoal
Wo kann ich verschiedene Arten von Regression vergleichen?; SearchForContent
Ich habe alle Lernziele in diesem Modul erreicht und bin nun fertig.; GetNextModule
Verstehe, ich bin einverstanden.; Yes
Wo muss ich noch mehr Zeit investieren?; SuggestImprovement
Bis zum nächsten Mal.; Bye
Wo finde ich Informationen über die Assumptionsprüfung in der Regression?; SearchForContent
Das kann ich nicht erlauben.; No
Hi, was kann ich für dich tun?; Greet
Gibt es ein Modul, das ich in einer halben Stunde erledigen kann?; InformTimeConstraint
Wo kann ich erfahren, wie man Regression in Python, R oder einer anderen Programmiersprache implementiert?; SearchForContent
Was sind meine alternativen Lernmöglichkeiten?; RequestAlternativeNextModule
Gerne.; Yes
Ich will in drei Monaten erfolgreich den Kurs abgeschlossen haben.; InformCompletionGoal
Kann ich einen Test absolvieren, um mich auf dieses Thema vorzubereiten?; RequestTest
Wo kann ich noch dazulernen?; SuggestImprovement
Welches Modul kann ich in 30 Minuten erledigen?; InformTimeConstraint
Wie kann ich heute helfen?; Greet
Welche Anwendungen von Regression gibt es?; SearchForContent
Gibt es noch mehr Resultate, die relevant für meine Suche sind?; LoadMoreSearchResults
In welchen Einheiten kann ich noch dazulernen?; SuggestImprovement
Welche Funktionen hast du?; Help
Hallo da!; Greet
Ich habe nur 30 Minuten übrig, was ist die beste Verwendung meiner Lernzeit?; InformTimeConstraint
Welche Themen sollten noch vertieft werden?; SuggestImprovement
Das ist nicht erforderlich.; No
Ich bin noch nicht fündig geworden. Könntest du mir weitere relevante Ergebnisse zeigen?; LoadMoreSearchResults
Ich habe das Modul erfolgreich beendet und bin bereit für das nächste.; GetNextModule
Ich habe alle nötigen Anforderungen des Moduls erfüllt.; GetNextModule
Kann ich weitere Lernmöglichkeiten nutzen?; RequestAlternativeNextModule
Was sind die besten Ressourcen für Regressionstutorials?; SearchForDefinition
Ich möchte meine knappe Lernzeit von 30 Minuten optimal nutzen, was schlägst du vor?; InformTimeConstraint
Klar.; Yes
Ich danke dir für deine Freundlichkeit und Hilfe!; Thanks
Wo habe ich noch Defizite?; SuggestImprovement
Ich melde mich später wieder.; Bye
Welche Themen sollten erneut behandelt werden?; SuggestRepetition
Genau das meine ich auch.; Yes
Bis bald!; Bye
Ich schulde dir einen Gefallen!; Thanks
Bis bald.; Bye
Kann ich noch einmal durch eine bestimmte Lektion gehen?; SuggestRepetition
Ja, das ist die Wahrheit.; Yes
Du hast meine Erwartungen übertroffen, danke!; Thanks
Das ist nicht wahrheitsgemäß.; No
Ich plane, den Kurs in drei Monaten zu beenden.; InformCompletionGoal
Welche Optionen habe ich für mein Lernprogramm?; RequestAlternativeNextModule
Ich habe alle Abschnitte des Moduls erfolgreich abgeschlossen.; GetNextModule
Wo soll ich als nächstes meine Aufmerksamkeit drauflegen?; GetNextModuleFrage
Ich habe alle Lerninhalte in diesem Modul erfolgreich absolviert.; GetNextModule
Was sind meine anderen Möglichkeiten, um mehr zu lernen?; RequestAlternativeNextModule
Kannst du mir bitte alle weiteren verfügbaren Resultate anzeigen?; LoadMoreSearchResults
Kann ich einen Test durchlaufen, um meine Kompetenz in diesem Thema zu überprüfen?; RequestTest
Kannst du mir andere Lerninhalte empfehlen?; RequestAlternativeNextModule
Ich würde gerne meine Suche erweitern. Könntest du mir weitere relevante Informationen anzeigen?; LoadMoreSearchResults
Kannst du mir ausschließlich Buchvorschläge geben?; ChangeConfig
Was kommt als nächstes in meinem Lernplan?; GetNextModuleFrage
Wo finde ich Informationen zur Interpretation von Regressionsergebnissen?; SearchForContent
Zeig mir bitte alle weiteren verfügbaren Ergebnisse.; LoadMoreSearchResults
In welchen Einheiten brauche ich noch mehr Übung?; SuggestImprovement
Wie kann ich dir helfen, Fortschritte zu machen?; Greet
Was sind die nächsten Schritte, um meine Kompetenzen zu verbessern?; GetNextModuleFrage
Ich plane, in drei Monaten den Kurs erfolgreich zu absolvieren.; InformCompletionGoal
Das ist sehr nett von dir, vielen Dank!; Thanks
Auf Wiedersehen und vielen Dank.; Bye
Schön, dass du hier bist, wie kann ich dir helfen?; Greet
Gibt es noch weitere Einheiten, die ich durchlaufen muss?; GetProgress
Ist es sinnvoll, einen Test zu diesem Thema zu machen?; RequestTest
Bitte empfehle mir nur Bücher.; ChangeConfig
Das ist sehr nett von dir!; Thanks
Kannst du mir sagen, wie Regression in der Praxis angewendet wird?; SearchForDefinition
Wo kann ich erfahren, wie man nicht-parametrische Regression durchführt?; SearchForContent
Ich bin auf der Suche nach Buchressourcen, kannst du mir helfen?; ChangeConfig
Welche Lektionen sollte ich noch einmal ansehen?; SuggestRepetition
Ich bin dir wirklich dankbar für deine Hilfe!; Thanks
Gibt es kostenlose Online-Kurse oder Zertifikate in Regression?; SearchForContent
Kann ich die Inhalte eines bestimmten Moduls erneut durchgehen?; SuggestRepetition
Wie viele Einheiten muss ich noch absolvieren, bevor der Kurs abgeschlossen ist?; GetProgress
Ich schätze dein Engagement, danke!; Thanks
Welches Thema sollte ich als Nächstes meistern?; GetNextModuleFrage
Kann ich nur Buchempfehlungen bekommen?; ChangeConfig
Ich bin nur an Buchquellen interessiert.; ChangeConfig
Brauche Hilfe bei dieser Aufgabe.; Help
Das ist nicht meine Kenntnis.; No
Was steht als Nächstes auf der Liste?; RequestAlternativeNextModule
Wo finde ich Informationen darüber, wie man kategoriale Variablen in der Regression modelliert?; SearchForContent
Was ist der nächste Lernabschnitt?; GetNextModuleFrage
Kannst du mir weiterhelfen?; Help
Huhu!; Greet
Ich habe alle Lektionen und Themen des Moduls durchgearbeitet und bin nun fertig.; GetNextModule
Was sind die nächsten Lernmodule?; GetNextModuleFrage
Kannst du mir sagen, wie viele Lernmodule noch vor mir liegen?; GetProgress
Könntest du mir bitte weitere relevante Suchergebnisse anzeigen?; LoadMoreSearchResults
Wir sprechen uns bald wieder.; Bye
Guten Tag!; Greet
In welchen Bereichen benötige ich noch Übung, um meine Fähigkeiten zu verbessern?; SuggestRepetition
Ich habe alle Anforderungen des Moduls erfüllt.; GetNextModule
Welche anderen Themen sind noch relevant für meine Ausbildung?; RequestAlternativeNextModule
Wir sehen uns später.; Bye
Wo kann ich meine Fähigkeiten noch ausbauen?; SuggestImprovement
Was sind meine Optionen, um mehr zu erfahren?; RequestAlternativeNextModule
Ich danke dir aufrichtig!; Thanks
Ich habe alle Anweisungen des Moduls erfolgreich befolgt.; GetNextModule
Ich habe alle Themen des Moduls durchgearbeitet und bin nun fertig.; GetNextModule
Was ist das nächste Lernziel?; GetNextModuleFrage
Welche Themen sollte ich noch intensiver behandeln?; SuggestImprovement
Was ist der nächste Themenblock?; GetNextModuleFrage
Was sind die anderen verfügbaren Lernressourcen?; RequestAlternativeNextModule
Gibt es bestimmte Module, die ich noch einmal durchgehen sollte?; SuggestImprovement
Was ist die nächste Lerneinheit?; RequestAlternativeNextModule
Ich habe alle erforderlichen Aufgaben und Anforderungen in diesem Modul abgeschlossen.; GetNextModule
Wo finde ich Informationen darüber, wie man die Modellierung von Zeitreihendaten in der Regression durchführt?; SearchForContent
Wo sollte ich noch mehr Zeit investieren?; SuggestImprovement
Wie läuft es heute?; Greet
Ich schätze deine Hilfe!; Thanks
Innerhalb von drei Monaten möchte ich den Kurs beendet haben.; InformCompletionGoal
Das ist sehr großzügig von dir, vielen Dank!; Thanks
Was sind meine Alternativen, um meine Kenntnisse zu erweitern?; RequestAlternativeNextModule
Bis bald und alles Gute!; Bye
Was kann ich in einer halben Stunde lernen, um das Beste aus meiner Zeit zu machen?; InformTimeConstraint
Bis demnächst und viel Erfolg!; Bye
Was kann ich in einer halben Stunde lernen, um meine Lernziele zu erreichen?; InformTimeConstraint
Schön dich zu sehen!; Greet
Kannst du mir weitere relevante Suchergebnisse anzeigen, die ich übersehen habe?; LoadMoreSearchResults
Ich habe alle Schritte und Aufgaben in diesem Modul erfüllt und bin nun fertig.; GetNextModule
Grüß Gott!; Greet
Kann ich einen Test machen, um mein Verständnis für das Thema zu verbessern?; RequestTest
Was ist mit Regression gemeint?; SearchForDefinition
Welche Online-Communities oder Foren diskutieren Regression?; SearchForContent
Was hast du zu bieten?; Help
Kannst du mich aufklären und unterstützen?; Help
Gibt es noch weitere Lerneinheiten?; RequestAlternativeNextModule
Wie viele Themen gibt es noch zu bewältigen?; GetProgress
Was sind die nächsten Schritte in meinem Lernprozess?; GetNextModuleFrage
Das aktuelle Modul ist für mich nun abgeschlossen.; GetNextModule
Ich möchte mich jetzt auf Bücher beschränken.; ChangeConfig
Ganz genau.; Yes
Was kann ich wiederholen?; SuggestRepetition
Wie kann ich dich auf deiner Lernreise unterstützen?; Greet
Wir hören uns bald wieder, Tschüss!; Bye
Was sind die nächsten Kapitel?; GetNextModuleFrage
Ich habe alle Inhalte des Moduls vollständig verstanden.; GetNextModule
Was ist das nächste Thema?; RequestAlternativeNextModule
Ich habe alle erforderlichen Schritte in diesem Modul abgeschlossen.; GetNextModule
Wie viele Lerninhalte muss ich noch durchgehen?; GetProgress
Wir hören uns später.; Bye
Ich hätte gerne weitere Suchergebnisse, um meine Suche zu erweitern.; LoadMoreSearchResults
Ich habe alle Aufgaben in diesem Modul erfolgreich gemeistert.; GetNextModule
Was steht auf dem Programm?; Greet
Das ist nicht korrekt.; No
Gibt es eine Option, nur nach Büchern zu suchen?; ChangeConfig
Ich bin dir sehr dankbar für deine Hilfe!; Thanks
Welche Anweisungen verstehst du?; Help
In drei Monaten sollte ich mit dem Kurs fertig sein.; InformCompletionGoal
Ich habe vor, innerhalb von drei Monaten den Kurs erfolgreich abzuschließen.; InformCompletionGoal
Welches Thema steht als nächstes an der Reihe?; GetNextModuleFrage
Okay.; Yes
Was gibt es Neues bei dir?; Greet
Ich habe nicht viel Zeit, aber ich möchte trotzdem etwas lernen, was empfiehlst du mir?; InformTimeConstraint
Genau das.; Yes
Tag!; Greet
Ich würde gerne meine Suche erweitern. Kannst du mir weitere Ergebnisse anzeigen?; LoadMoreSearchResults
Was sind die nächsten Schritte im Lernprozess?; GetNextModuleFrage
Guten Tag und herzlich willkommen!; Greet
Welche Einheiten sollten noch einmal durchgegangen werden, um meine Kenntnisse zu verbessern?; SuggestRepetition
Ich benötige weitere Informationen zu meinem Thema. Könntest du mir weitere Suchergebnisse anzeigen?; LoadMoreSearchResults
Wie viele Lernmodule sind noch übrig?; GetProgress
Ich will mich nur auf Bücher konzentrieren.; ChangeConfig
Gibt es ein Modul, das ich in nur 30 Minuten erledigen kann?; InformTimeConstraint
Wäre es hilfreich, einen Test zu diesem Thema zu machen, um meine Vorbereitung zu evaluieren?; RequestTest
Welche Bibliotheken und Tools sind für die Regression geeignet?; SearchForContent
In welchen Einheiten sollte ich noch weiter lernen?; SuggestImprovement
Auf Wiedersehen!; Bye
Ich brauche noch mehr Ergebnisse zu meiner vorherigen Suche. Kannst du mir helfen?; LoadMoreSearchResults
Welche weiteren Lernmaterialien gibt es?; RequestAlternativeNextModule
Könntest du mir bitte alle weiteren verfügbaren Ergebnisse anzeigen?; LoadMoreSearchResults
Was gibt's Neues bei dir?; Greet
Das ist korrekt.; Yes
Guten Abend!; Greet
Ich bin sehr erleichtert, danke!; Thanks
Wo finde ich die Themen, die ich bereits bearbeitet habe?; SuggestRepetition
Grüße!; Greet
Wie viele Themen muss ich noch lernen?; GetProgress
Ich würde gerne einen Test zu diesem Thema absolvieren, gibt es einen verfügbaren?; RequestTest
Wo kann ich Videos oder Webinare finden, die Regression erklären?; SearchForContent
Ich möchte in drei Monaten alle Module des Kurses durchgearbeitet haben.; InformCompletionGoal
Wie kann ich dir helfen, deine Ziele zu erreichen?; Greet
Welches Thema sollte ich noch einmal angehen?; SuggestRepetition
Ich will nur Buch-Ergebnisse sehen.; ChangeConfig
Gibt es ein Thema, das ich in kurzer Zeit verstehen kann?; InformTimeConstraint
Das ist nicht der Status quo.; No
Ich benötige mehr Suchergebnisse, um meine Recherche zu vervollständigen. Kannst du mir bitte weiterhelfen?; LoadMoreSearchResults
Innerhalb von drei Monaten möchte ich den Kurs erfolgreich absolvieren.; InformCompletionGoal
Leider muss ich widersprechen.; No
Was sind die Module, die ich noch einmal durchgehen sollte, um meine Fähigkeiten zu verbessern?; SuggestRepetition
Welche Lektionen waren für mich besonders schwer und sollten nochmal durchgegangen werden?; SuggestRepetition
Ich bin nun mit der Bearbeitung dieses Moduls fertig.; GetNextModule
Ich plane, innerhalb von drei Monaten den Kurs erfolgreich abzuschließen.; InformCompletionGoal
Welches Kapitel sollte ich als Nächstes lesen?; GetNextModuleFrage
Welche Online-Communities beschäftigen sich mit Regression?; SearchForContent
Welche Bereiche sollte ich noch weiter ausbauen?; SuggestImprovement
In welchem Bereich sollte ich noch einmal meine Fähigkeiten verbessern?; SuggestRepetition
Wie geht man mit Heteroskedastizität in der Regression um?; SearchForContent
Brauche Anleitung, kannst du helfen?; Help
Gibt es ein bestimmtes Modul, das ich noch einmal durcharbeiten sollte?; SuggestRepetition
Großartig, danke!; Thanks
Gibt es andere Module, die für mich geeignet sind?; RequestAlternativeNextModule
Wo kann ich noch Potenzial ausschöpfen?; SuggestImprovement
Das ist nicht angebracht.; No
Welche Arten von Regression gibt es und wie unterscheiden sie sich voneinander?; SearchForDefinition
Welche Aufgaben kannst du erledigen?; Help
Kannst du mir bitte alle weiteren relevanten Suchergebnisse zeigen?; LoadMoreSearchResults
Ich bin wirklich froh, dass es dich gibt!; Thanks
Könntest du mir nur Buchempfehlungen geben?; ChangeConfig
Gibt es Einheiten, die ich wiederholen sollte?; SuggestRepetition
Was ist das Ziel der Regression und wie wird es erreicht?; SearchForDefinition
Welches Thema ist als Nächstes dran?; GetNextModuleFrage
Ich möchte eine kurze Lerneinheit finden, die ich in 30 Minuten schaffen kann. Was schlagen Sie vor?; InformTimeConstraint
Ich suche nur nach Büchern, hast du Empfehlungen?; ChangeConfig
Das ist sehr nett von dir, danke!; Thanks
Wie geht man mit Zeitreihendaten in der Regression um?; SearchForContent
Hey!; Greet
Ich habe alle Aufgaben in diesem Modul korrekt gelöst.; GetNextModule
Das ist nicht genehmigt.; No
Welche Module kommen als nächstes?; GetNextModuleFrage
Wo habe ich noch Wissenslücken?; SuggestImprovement
Bitte gib mir nur Buchvorschläge.; ChangeConfig
Hallo, wie kann ich dir weiterhelfen?; Greet
Was ist der nächste Abschnitt in meinem Lernprozess?; GetNextModuleFrage
Wo habe ich noch Lücken in meinem Wissen?; SuggestImprovement
Wie viele Lernschritte fehlen noch bis zum Abschluss?; GetProgress
Ja, das ist die Antwort.; Yes
Welche Annahmen gibt es in der Regression und wie werden sie getestet?; SearchForContent
Das ist nicht notwendig.; No
Wie viele Einheiten gibt es noch zu bearbeiten?; GetProgress
Was ist als nächstes auf meinem Lernweg geplant?; GetNextModuleFrage
Ich brauche noch weitere Informationen zu meinem Thema. Kannst du mir weitere Ergebnisse anzeigen?; LoadMoreSearchResults
Wie viele Kurseinheiten muss ich noch absolvieren?; GetProgress
Tschau!; Bye
Ich schätze deine großzügige Hilfe, danke!; Thanks
Kannst du mir bitte weitere relevante Ergebnisse zeigen?; LoadMoreSearchResults
Ist es möglich, einen Test zu diesem Thema durchzuführen?; RequestTest
Aloha!; Greet
Vielen, vielen Dank!; Thanks
In welchen Bereichen sollte ich nochmal üben, um mich zu verbessern?; SuggestRepetition
Kannst du mich coachen?; Help
Wäre toll, wenn du mir helfen könntest.; Help
Kannst du mir weitere Lerninhalte zur Verfügung stellen?; RequestAlternativeNextModule
Ich möchte eine Lerneinheit finden, die ich in einer halben Stunde durchgehen kann. Was schlagen Sie vor?; InformTimeConstraint
Stimmt.; Yes
Ich möchte den Kurs erfolgreich innerhalb von drei Monaten abgeschlossen haben.; InformCompletionGoal
Hallo, wie war dein Tag?; Greet
Gibt es kostenlose Online-Kurse oder Zertifikate für Regression?; SearchForContent
Hi!; Greet
Zeige mir bitte alle verfügbaren Ergebnisse, die meiner Suche entsprechen.; LoadMoreSearchResults
Wie viele Module gibt es noch zu durchlaufen?; GetProgress
Ich danke dir für deine Zeit!; Thanks
Ich habe alle Aufgaben und Lektionen in diesem Modul durchgearbeitet und bin nun abgeschlossen.; GetNextModule
Ich habe alle Aufgaben in diesem Modul erfolgreich bearbeitet.; GetNextModule
Kannst du mir sagen, was du machen kannst?; Help
Wie viele Teile muss ich noch absolvieren?; GetProgress
Wie kann ich eine Regression in SPSS durchführen?; SearchForDefinition
Kannst du mir beistehen?; Help
In welchen Themenbereichen sollte ich noch Fortschritte machen?; SuggestImprovement
Wo finde ich die Module, die ich bereits abgeschlossen habe?; SuggestRepetition
Ich fürchte nein.; No
Kannst du mir sagen, was du alles kannst?; Help
Ich möchte mich auf Buchressourcen beschränken.; ChangeConfig
Definitiv.; Yes
Wie kann ich dir bei deiner Lernreise helfen?; Greet
Kannst du mich unterstützen?; Help
Wie viele Lerninhalte muss ich noch absolvieren, bevor der Kurs abgeschlossen ist?; GetProgress
Willkommen!; Greet
Das ist nicht der Stand der Dinge.; No
Welche anderen Ressourcen kann ich nutzen, um mein Wissen zu erweitern?; RequestAlternativeNextModule
Ich habe alle Themen und Kapitel in diesem Modul abgeschlossen und bin bereit für das nächste.; GetNextModule
Nicht gerechtfertigt.; No
Kannst du mir helfen, das nächste Kapitel auszuwählen?; RequestAlternativeNextModule
Das ist richtig.; Yes
Welche Lernmodule empfiehlst du mir als nächstes?; RequestAlternativeNextModule
Kannst du mir eine Einheit empfehlen, die in 30 Minuten abgeschlossen werden kann?; InformTimeConstraint
Nein, das ist nicht zutreffend.; No
Ich will nur nach Büchern suchen.; ChangeConfig
Ich habe alle Anforderungen des Moduls erfolgreich gemeistert.; GetNextModule
Kannst du mir bitte alle weiteren relevanten Suchergebnisse anzeigen?; LoadMoreSearchResults
Ja, das ist so.; Yes
Kein Interesse.; No
Wie kann ich dir helfen?; Greet
Was gibt es noch zu lernen?; GetNextModuleFrage
Wie viele Kurseinheiten muss ich noch bearbeiten?; GetProgress
Ich möchte innerhalb von drei Monaten mit dem Kurs durchkommen.; InformCompletionGoal
Was sind meine weiteren Lernoptionen?; RequestAlternativeNextModule
Ich verabschiede mich.; Bye
Welches Modul kann ich in 30 Minuten schaffen?; InformTimeConstraint
Hey, wie geht's?; Greet
Bis zum nächsten Mal und viel Spaß.; Bye
Wo gibt es noch Potenzial für Verbesserungen?; SuggestImprovement
Ich habe alle Aufgaben in diesem Modul erledigt und bin nun bereit für das nächste Kapitel.; GetNextModule
Wo kann ich mehr über Regression lernen?; SearchForContent
Hallo und willkommen zurück!; Greet
Wäre es ratsam, einen Test zu diesem Thema zu machen, um meine Vorbereitung zu testen?; RequestTest
Das ist nicht der Fall, den ich sehe.; No
Was sind die nächsten Themen?; GetNextModuleFrage
Benötige deinen Beistand.; Help
Was ist der nächste Schritt, um meine Fähigkeiten zu verbessern?; GetNextModuleFrage
Das ist nicht zutreffend.; No
Kannst du mir sagen, wie viele Themen ich noch durchgehen muss?; GetProgress
Das ist falsch.; No
Na, wie läuft's?; Greet
Ganz genau.; Yes
Welche Themen sollte ich noch vertiefen?; SuggestImprovement
Welche Inhalte kommen als nächstes?; GetNextModuleFrage
Wo kann ich Daten finden, um Regression zu üben?; SearchForContent
Das ist nicht gebilligt.; No
Wie viele Einheiten sind noch übrig?; GetProgress
Wie kann ich meine Zeit am besten nutzen, wenn ich nur 30 Minuten habe?; InformTimeConstraint
Wo kann ich Beispiele für Regression in der realen Welt finden?; SearchForContent
In drei Monaten möchte ich das Zertifikat für den Kurs erwerben.; InformCompletionGoal
Ja, das stimmt.; Yes
Ich möchte in 30 Minuten so viel wie möglich lernen, welche Einheit empfiehlst du?; InformTimeConstraint
Welche Bereiche benötigen noch Aufmerksamkeit und Übung?; SuggestImprovement
Es war schön, mit dir zu sprechen. Tschüss!; Bye
Wäre es möglich, einen Test zu diesem Thema zu absolvieren, um meine Vorbereitung zu verbessern?; RequestTest
Wäre es sinnvoll, einen Test zu diesem Thema zu machen, um meine Vorbereitung zu überprüfen?; RequestTest
Was sind die wichtigsten statistischen Modelle, die auf Regression basieren?; SearchForDefinition
Das Modul wurde erfolgreich abgeschlossen und ich bin bereit für neue Lernziele.; GetNextModule
Gibt es noch weitere relevante Resultate, die du mir präsentieren kannst?; LoadMoreSearchResults
Ich danke dir von ganzem Herzen!; Thanks
Was ist der nächste Schritt auf meiner Lernreise?; RequestAlternativeNextModule
Welches Thema sollte ich als nächstes angehen?; GetNextModuleFrage
Ich habe alle Aufgaben und Schritte in diesem Modul erfolgreich abgeschlossen.; GetNextModule
Das kann ich nicht akzeptieren.; No
Exakt.; Yes
Das aktuelle Kapitel ist nun für mich beendet.; GetNextModule
Mein Ziel ist es, in drei Monaten alle Lerninhalte des Kurses abzuschließen.; InformCompletionGoal
Was gibt es noch, um mein Wissen zu erweitern?; RequestAlternativeNextModule
Das stimmt genau.; Yes
Könntest du mir bitte noch mehr passende Ergebnisse zeigen?; LoadMoreSearchResults
Könntest du bitte alle weiteren Ergebnisse zu diesem Thema anzeigen?; LoadMoreSearchResults
Ich bin dir wirklich dankbar für deine Mühe!; Thanks
Tschüssi!; Bye
Wie können die Ergebnisse der Regression genutzt werden, um Entscheidungen zu treffen?; SearchForDefinition
Wie viele Lerninhalte warten noch auf mich?; GetProgress
Welche Einheiten müssen noch einmal betrachtet werden?; SuggestRepetition
Welches Modul kann ich schnell erledigen, um meine Lernzeit zu maximieren.; InformTimeConstraint
In welchen Bereichen sollte ich mich noch weiterbilden?; SuggestImprovement
Hallo und willkommen zu unserem Lernprogramm!; Greet
Ich beabsichtige, innerhalb von drei Monaten mit dem Kurs fertig zu sein.; InformCompletionGoal
Das ist nicht gestattet.; No
Ich benötige mehr Informationen zu diesem Thema. Kannst du mir weitere Ergebnisse zeigen?; LoadMoreSearchResults
Wie wird die Regression in der Wissenschaft und Forschung eingesetzt?; SearchForDefinition
Bis dann.; Bye
Wie geht es dir heute?; Greet
Gibt es eine spezielle Datenbank, die sich auf Regression spezialisiert hat?; SearchForContent
Welche Inhalte stehen mir noch zur Verfügung?; RequestAlternativeNextModule
Wie viele Schritte sind noch zu absolvieren?; GetProgress
Kannst du mir einen Test empfehlen, um mein Verständnis für das Thema zu verbessern?; RequestTest
Was ist der Unterschied zwischen Regression und Korrelation?; SearchForDefinition
Wie kann ich überprüfen, ob meine Regressionsergebnisse zuverlässig sind?; SearchForDefinition
Welche Lerninhalte können noch einmal durchgegangen werden?; SuggestRepetition
Was steht auf deinem Plan?; Greet
Welche Funktionen stehen mir zur Verfügung?; Help
Kann ich einen Test machen, um zu sehen, wie gut ich in diesem Thema bin?  ; RequestTest
Was sind die nächsten Schritte, die ich unternehmen sollte?; GetNextModuleFrage
Danke für deine Hingabe und Mühe!; Thanks
Was kommt als nächstes dran?; GetNextModuleFrage
Wo kann ich Ressourcen über Regression finden?; SearchForContent
Welches Thema kommt als nächstes dran?; GetNextModuleFrage
Was kann ich noch lernen?; RequestAlternativeNextModule
Welche Lektion ist kurz genug, um in 30 Minuten abgeschlossen zu werden?; InformTimeConstraint
Ja, das ist korrekt.; Yes
Das Modul wurde erfolgreich abgeschlossen und ich bin stolz auf meine Leistung.; GetNextModule
Gibt es eine Option, nur Bücher zu suchen?; ChangeConfig
Welche Themen sollten noch einmal geübt werden, um meine Kenntnisse zu verbessern?; SuggestRepetition
Selbstverständlich.; Yes
Ich brauche noch mehr Informationen zu meinem Thema.; LoadMoreSearchResults
Wie werden die Ergebnisse einer Regression interpretiert?; SearchForDefinition
Das ist nicht erlaubt.; No
Was sind die typischen Fehlerquellen bei der Durchführung einer Regression?; SearchForDefinition
Wie viele Lernmodule habe ich noch vor mir?; GetProgress
Ich möchte den Kurs spätestens in drei Monaten abschließen.; InformCompletionGoal
Wie viele Themen muss ich noch durchgehen, bevor ich den Kurs beenden kann?; GetProgress
Ich habe alle Inhalte und Aufgaben des Moduls erledigt und bin nun fertig.; GetNextModule
So sieht es aus.; Yes
Kannst du mich auf Bücher spezialisieren?; ChangeConfig
Ja, genau das.; Yes
Was ist der Zweck der Regression in der Statistik?; SearchForDefinition
Das ist nicht der Fall, den ich kenne.; No
Wie weit bin ich in dem Kurs fortgeschritten?; GetProgress
Auf welchen Gebieten benötige ich noch mehr Übung?; SuggestImprovement
Wie geht's?; Greet
Bis bald und alles Gute.; Bye
Benötige Hilfe bei meinem Problem.; Help
Wo kann ich noch mehr Kenntnisse erlangen?; SuggestImprovement
Wir sehen uns später wieder.; Bye
Wie kann ich dir heute weiterhelfen?; Greet
Ich habe alle Anforderungen des Moduls vollständig erfüllt.; GetNextModule
Gibt es eine Möglichkeit, nur Bücher als Suchquelle zu haben?; ChangeConfig
Was gibt's Neues?; Greet
Könntest du mir bitte weitere passende Suchergebnisse präsentieren?; LoadMoreSearchResults
Wäre dankbar für deine Ratschläge.; Help
Ich brauche weitere Informationen, um meine Recherche zu vervollständigen. Kannst du mir bitte helfen?; LoadMoreSearchResults
Benötige deinen Rat und deine Hilfe.; Help
Könntest du mir bitte weitere relevante Suchergebnisse präsentieren?; LoadMoreSearchResults
Bitte schlage mir nur Bücher zum Lesen vor.; ChangeConfig
Kann ich die Einheiten, die ich bereits bearbeitet habe, noch einmal durchgehen?; SuggestRepetition
Ich hätte gerne noch mehr Suchergebnisse zu diesem Thema. Kannst du mir weiterhelfen?; LoadMoreSearchResults
Wie viele Themenbereiche gibt es insgesamt?; GetProgress
Ich bin nur an Buchressourcen interessiert, kannst du mir helfen?; ChangeConfig
Kann ich einen Test absolvieren, um meine Leistung in diesem Thema zu überprüfen?; RequestTest
Wie geht's deinem Lernfortschritt?; Greet
Was ist das nächste Thema, das ich noch einmal durchgehen sollte?; SuggestRepetition
Welche weiteren Lernoptionen gibt es, um meine Fähigkeiten zu erweitern?; RequestAlternativeNextModule
Was sind die nächsten Themen, die ich lernen sollte?; GetNextModuleFrage
Das stimmt.; Yes
Jawoll.; Yes
Ich würde gerne nur Buchempfehlungen bekommen.; ChangeConfig
Ich bin nur an Büchern interessiert, kannst du mir helfen?; ChangeConfig
In welchen Bereichen sollte ich meine Fähigkeiten nochmal verbessern?; SuggestRepetition
Könnten wir uns nur auf Bücher konzentrieren?; ChangeConfig
Ich würde gerne nur Buchvorschläge bekommen.; ChangeConfig
Ich habe alle Lektionen und Aufgaben des Moduls durchgearbeitet.; GetNextModule
Welche weiteren Lektionen stehen zur Verfügung?; RequestAlternativeNextModule
Wie kann ich eine Regression in R durchführen?; SearchForDefinition
Ich habe alle Themen und Herausforderungen in diesem Modul bearbeitet und bin nun fertig.; GetNextModule
Ich habe den Plan, in drei Monaten den Kurs erfolgreich zu absolvieren.; InformCompletionGoal
Welche Lektion kommt nach dieser?; GetNextModuleFrage
Ich danke dir für deine Geduld!; Thanks
Ja, das kann ich bestätigen.; Yes
Ich strebe an, in drei Monaten fertig zu sein.; InformCompletionGoal
Wo kann ich erfahren, wie man Ausreißer in der Regression behandelt?; SearchForContent
Ich stecke fest, kannst du helfen?; Help
Wie wird Regression in der Wirtschaftswissenschaft und Finanzanalyse verwendet?; SearchForDefinition
In drei Monaten möchte ich den Kurs erfolgreich durchlaufen haben.; InformCompletionGoal
Ich bin froh, dass es dich gibt, danke!; Thanks
Wir hören uns später wieder!; Bye
Mein Ziel ist es, den Kurs in drei Monaten abgeschlossen zu haben.; InformCompletionGoal
Hilfe; Help
Das ist nicht die Wahrheit.; No
Was hast du vor?; Greet
Kann ich einen Test durchführen, um mich auf dieses Thema vorzubereiten?; RequestTest
Ich habe alle Anforderungen dieses Moduls erfolgreich erfüllt.; GetNextModule
Servus!; Greet
Welche Themen sollte ich noch vertiefen?; SuggestImprovement
Innerhalb der nächsten drei Monate möchte ich den Kurs absolvieren.; InformCompletionGoal
Wie viele Unterrichtseinheiten sind noch übrig?; GetProgress
Ja, das ist richtig erkannt.; Yes
Was sind einige häufige Anwendungen von Regression in der Datenanalyse?; SearchForDefinition
Ich habe nur 30 Minuten Zeit zum Lernen, was ist das Beste, was ich tun kann?; InformTimeConstraint
Wäre es hilfreich, einen Test zu diesem Thema zu machen, um meine Vorbereitung zu verifizieren?; RequestTest
Welche Einheiten sollten noch einmal wiederholt werden?; SuggestRepetition
Nein, das stimmt nicht überein.; No
Wie kann ich dich verwenden?; Help
Es ist mein Ziel, in drei Monaten den Kurs erfolgreich abzuschließen und das Zertifikat zu erhalten.; InformCompletionGoal
Wäre toll, wenn du mich unterstützen könntest.; Help
Servus.; Bye
Stimme voll zu.; Yes
Ich bin wirklich dankbar für deine Unterstützung!; Thanks
Ich bin nun bereit für den nächsten Schritt.; GetNextModule
So sieht es aus.; Yes
Danke, das ist sehr nett!; Thanks
Wie kann ich eine Regression in Python durchführen?; SearchForDefinition
Wie kann ich dich in deinem Lernprozess unterstützen?; Greet
Kann ich einen Test durchlaufen, um meine Kenntnisse in Bezug auf dieses Thema zu überprüfen?; RequestTest
Wie geht es dir heute?; Greet
Ja, genau so ist es.; Yes
Absolut richtig.; Yes
Gibt es weitere Lernmaterialien, die ich nutzen kann?; RequestAlternativeNextModule
Wie viele Lerninhalte gibt es insgesamt in diesem Kurs?; GetProgress
Auf den Punkt gebracht.; Yes
Wäre es sinnvoll, einen Test zu machen, bevor ich mit dem nächsten Modul beginne?; RequestTest
Wo finde ich Lernmaterialien zu Regression?; SearchForContent
Kannst du mir nur Büchervorschläge geben?; ChangeConfig
Wo finde ich die Grundlagen von Regression?; SearchForContent
Ich möchte das Beste aus meinen 30 Minuten Lernzeit herausholen, was ist empfehlenswert?; InformTimeConstraint
Welche anderen Themenbereiche kann ich erkunden?; RequestAlternativeNextModule
Was sind die grundlegenden Konzepte hinter der Regression?; SearchForDefinition
Welche Themen sollten noch einmal wiederholt werden, um meine Fähigkeiten zu verbessern?; SuggestRepetition
Welche Bereiche benötigen noch einmal Aufmerksamkeit?; SuggestRepetition
Kannst du mir Orientierung geben?; Help
In drei Monaten will ich den Kurs erfolgreich bestanden haben.; InformCompletionGoal
Was ist der nächste Kursinhalt?; GetNextModuleFrage
Welche Themen sollten noch behandelt werden, um mich weiterzuentwickeln?; SuggestImprovement
Mein Plan ist es, den Kurs in drei Monaten abgeschlossen zu haben.; InformCompletionGoal
Ich möchte meinen Kurs innerhalb von drei Monaten abschließen.; InformCompletionGoal
Welches Modul ist für meine begrenzte Lernzeit geeignet?; InformTimeConstraint
Das kann ich nicht zulassen.; No
Moin!; Greet
Welches Thema kommt als Nächstes dran?; GetNextModuleFrage
Danke für deine Mühe!; Thanks
Was sind meine Möglichkeiten, um weiterzulernen?; RequestAlternativeNextModule
Wo kann ich Regression in der Statistik lernen?; SearchForContent
Ich habe nur eine begrenzte Zeit zur Verfügung, welche Einheit/Modul/Thema sollte ich priorisieren?; InformTimeConstraint
So ist es.; Yes
Ich bin dann mal weg.; Bye
Das ist nicht meine Wahrnehmung.; No
Was ist die Rolle der Regression in der Machine Learning?; SearchForDefinition
Das Modul wurde von mir vollständig durchgearbeitet und ich bin nun fertig.; GetNextModule
Wo finde ich die Themen, die ich bereits behandelt habe?; SuggestRepetition
Du bist großartig, danke!; Thanks
Tschö mit ööö!; Bye
Wie viele Abschnitte beinhaltet das Programm?; GetProgress
Ich möchte mich auf Bücher beschränken.; ChangeConfig
Gibt es ein Thema, das ich in 30 Minuten verstehen kann und das mir hilft, meine Fähigkeiten zu verbessern?; InformTimeConstraint
Was sind deine Grenzen?; Help
Da hast du recht.; Yes
Gibt es einen Test, um mein Wissen in diesem Thema zu überprüfen?; RequestTest
Ich habe heute nur 30 Minuten; InformTimeConstraint
Guten Morgen!; Greet
Wo sollte ich meine Kenntnisse noch verbessern?; SuggestImprovement
Kannst du mir eine kurze Lektion vorschlagen, die ich in 30 Minuten absolvieren kann?; InformTimeConstraint
Wo kann ich Grundlagen von Regression finden?; SearchForContent
Das ist nicht gestattet.; No
In welchem Bereich sollte ich noch einmal üben?; SuggestRepetition
Mein Ziel ist es, in drei Monaten den Kurs erfolgreich zu beenden.; InformCompletionGoal
Das aktuelle Kapitel wurde von mir abgeschlossen.; GetNextModule
Ich will den Kurs in drei Monaten abgeschlossen haben.; InformCompletionGoal
Ich habe alle Übungen und Aufgaben des Moduls erfolgreich absolviert.; GetNextModule
Ich brauche mehr Informationen. Kannst du mir bitte weitere Ergebnisse zeigen?; LoadMoreSearchResults
Wo fehlt mir noch Wissen?; SuggestImprovement
Wie verbessert man die Robustheit von Regressionsmodellen?; SearchForContent
Pass auf dich auf!; Bye
Gibt es noch andere Suchergebnisse, die ich übersehen habe? Könntest du sie mir bitte zeigen?; LoadMoreSearchResults
Das ist nicht angemessen.; No
Ich habe das Modul vollständig bearbeitet.; GetNextModule
Das ist nicht erwünscht.; No
Hiho!; Greet
Ich benötige weitere Informationen, um meine Suche zu vervollständigen. Könntest du mir bitte weiterhelfen?; LoadMoreSearchResults
Was kannst du eigentlich?; Help
Was kannst du mir bieten?; Help
Ja, das ist korrekt.; Yes
Ich habe alle Abschnitte des Moduls durchgearbeitet und bin nun abgeschlossen.; GetNextModule
Das ist nicht wahr.; No
Was kann ich als nächstes in Angriff nehmen?; GetNextModuleFrage
Welches Thema soll ich als nächstes angehen?; GetNextModuleFrage
Du hast einen super Job gemacht, danke!; Thanks
Kann ich einen Test durchführen, um mein Verständnis für dieses Thema zu überprüfen?; RequestTest
Welche anderen Themen/Einheiten gibt es noch?; RequestAlternativeNextModule
Was sind deine Möglichkeiten?; Help
Ja, das ist genau das.; Yes
Danke für deine Geduld und Professionalität!; Thanks
Das ist nicht genehmigt.; No
Ich will in drei Monaten fertig sein.; InformCompletionGoal
Tschüssi.; Bye
Schönen Abend noch.; Bye
Was ist das nächste Modul auf der Agenda?; GetNextModuleFrage
Wo finde ich Informationen darüber, wie man die Residuenanalyse in der Regression durchführt?; SearchForContent
Gibt es noch weitere relevante Suchergebnisse, die ich übersehen habe? Könntest du sie mir bitte zeigen?; LoadMoreSearchResults
Gibt es Einheiten, die ich noch nicht verstanden habe und noch einmal durchgehen sollte?; SuggestRepetition
Schöne Zeit noch!; Bye
Was ist das Ziel von Regression und wie hilft es, Beziehungen zwischen Variablen zu verstehen?; SearchForDefinition
Mach's gut!; Bye
Gibt es noch andere relevante Suchergebnisse, die ich übersehen habe?; LoadMoreSearchResults
Kann ich noch einmal eine bestimmte Einheit üben?; SuggestRepetition
Welche anderen Themen sind in meinem Lernprogramm enthalten?; RequestAlternativeNextModule
Du hast mir sehr geholfen, danke!; Thanks
Einen schönen Tag noch!; Bye
Ich möchte mich nur auf Bücher konzentrieren.; ChangeConfig
Wo kann ich mit Fachleuten über Regression sprechen?; SearchForContent
Wie kann ich outliers in der Regression behandeln?; SearchForDefinition
Ich benötige weitere Suchergebnisse, um meine Recherche zu vervollständigen.; LoadMoreSearchResults
Wie viele Lerneinheiten muss ich noch durchgehen?; GetProgress
Was sollte ich als Nächstes studieren?; GetNextModuleFrage
Ich bin dann mal weg!; Bye
Nö.; No
Bis zum nächsten Mal und viel Erfolg!; Bye
Was ist als nächstes in meinem Curriculum geplant?; GetNextModuleFrage
Unbedingt.; Yes
Super, vielen Dank!; Thanks
Ciao!; Bye
Absolut nicht.; No
Mein Ziel ist es, in drei Monaten abzuschließen.; InformCompletionGoal
Mein Ziel ist es, in drei Monaten das Zertifikat für den Kurs in den Händen zu halten.; InformCompletionGoal
Wie viele Lektionen sind noch übrig?; GetProgress
Wie kann ich dir heute helfen, Fortschritte zu machen?; Greet
Wie viele Abschnitte habe ich bereits abgeschlossen?; GetProgress
Wie viele Lektionen habe ich noch zu absolvieren?; GetProgress
Nein; No
Wie kann ich die Gültigkeit von Regressionsergebnissen überprüfen?; SearchForDefinition
Kann ich die Einheiten, die ich bereits abgeschlossen habe, noch einmal durchgehen?; SuggestRepetition
Wo kann ich meine Fähigkeiten noch ausbauen?; SuggestImprovement
Was für eine Art von Aufgaben kannst du bewältigen?; Help
Ich bin dir dankbar!; Thanks
Ich bestätige das.; Yes
Bis zum nächsten Mal und eine gute Zeit.; Bye
Ich möchte mich bei dir bedanken!; Thanks
Wie kann ich deine Fähigkeiten nutzen?; Help
Ich habe heute nur eine halbe Stunde Zeit, was kann ich tun?; InformTimeConstraint
Welche Lernmodule sollten noch einmal durchgegangen werden, um meine Fähigkeiten zu verbessern?; SuggestRepetition
Genau so ist es.; Yes
Das ist nicht angebracht.; No
Ich danke dir für deine Hilfe!; Thanks
Wie viele Kapitel muss ich noch bewältigen?; GetProgress
Was sind meine Optionen für die nächste Lektion?; RequestAlternativeNextModule
In wie viele Bereiche ist der Kurs unterteilt?; GetProgress
Wo gibt es noch Lücken in meinem Wissen?; SuggestImprovement
Nein, das ist nicht richtig.; No
Ich möchte gerne weitere relevante Ergebnisse sehen.; LoadMoreSearchResults
Eindeutig.; Yes
Was kann ich noch tun, um meine Kenntnisse zu erweitern?; RequestAlternativeNextModule
Was kann ich heute für dich tun?; Greet
Wie viele Themen habe ich bereits gelernt?; GetProgress
Gibt es ein Modul, das ich in 30 Minuten abschließen kann und das einen hohen Lernerfolg bringt?; InformTimeConstraint
Welche anderen Themen können mir helfen, meine Ziele zu erreichen?; RequestAlternativeNextModule
Wo finde ich Online-Übungen für die Regression?; SearchForContent
Danke für deine Unterstützung und Ermutigung!; Thanks
Kann ich die Module, die ich bereits bearbeitet habe, noch einmal durchgehen?; SuggestRepetition
Was sind deine besonderen Fähigkeiten?; Help
Keine Chance.; No
Wie viele Module gibt es insgesamt?; GetProgress
Ja, das ist zutreffend.; Yes
Welche Fähigkeiten sollten noch trainiert werden, um meine Kompetenzen zu erweitern?; SuggestImprovement
Wo sehe ich noch Verbesserungspotenzial?; SuggestImprovement
Ich habe das Modul vollständig bearbeitet und abgeschlossen.; GetNextModule
Bis zum nächsten Mal!; Bye
Wie geht man mit Ausreißern in der Regression um?; SearchForContent
Jawohl.; Yes
Gibt es Module, die ich bereits abgeschlossen habe, aber noch einmal durchgehen sollte?; SuggestRepetition
Was ist die Bedeutung von Regression und wie kann es mir helfen, meine Daten zu analysieren?; SearchForDefinition
Ich bin mit allen Anforderungen in diesem Modul fertig geworden.; GetNextModule
Wo kann ich noch wachsen und mich weiterentwickeln?; SuggestImprovement
Ich habe nicht viel Zeit, aber ich möchte trotzdem lernen, welche Optionen gibt es?; InformTimeConstraint
Wir hören uns!; Bye
Wie viele Einheiten habe ich noch nicht abgeschlossen?; GetProgress
Kannst du mich beraten und unterstützen?; Help
Was sind meine Optionen für die nächste Lernphase?; RequestAlternativeNextModule
Wie führt man die Residuenanalyse in der Regression durch?; SearchForContent
Welche Lerninhalte brauchen noch einmal Wiederholung?; SuggestRepetition
In welchen Bereichen kann ich noch dazulernen?; SuggestImprovement
Ich habe heute nicht viel Zeit, was sind meine Optionen?; InformTimeConstraint
Wo kann ich Tutorials zu Regression finden?; SearchForContent
Das ist nicht der Fall.; No
Was ist die Definition von Regression?; SearchForDefinition
In der Tat.; Yes
Hi!; Greet
In welchen Bereichen bin ich noch nicht so stark?; SuggestImprovement
Wow, danke!; Thanks
Kannst du mir helfen?; Help
Bis demnächst!; Bye
Kannst du mir eine schnelle Lektion empfehlen, die ich in 30 Minuten machen kann?; InformTimeConstraint
Was ist das Konfidenzintervall bei der Regression?; SearchForDefinition
Bis zum nächsten Mal und viel Glück!; Bye
Ich würde gerne meine Fähigkeiten in diesem Thema durch einen Test verbessern, geht das?; RequestTest
Deine Hilfe bedeutet mir sehr viel, danke!; Thanks
Ich habe alle Anforderungen des Moduls vollständig erfüllt und bin nun fertig.; GetNextModule
Ich habe alle Übungen und Aufgaben des Moduls erfolgreich absolviert und bin nun fertig.; GetNextModule
Was kann ich tun, um meine Kenntnisse zu vertiefen?; RequestAlternativeNextModule
Welche Inhalte warten als nächstes auf mich?; GetNextModuleFrage
Wo kann ich erfahren, wie man Regression in Python, R oder einer anderen Programmiersprache implementiert?; SearchForContent
Wie viele Abschnitte gibt es in diesem Kurs?; GetProgress
Wie viele Lernstufen gibt es noch?; GetProgress
Mach's gut und bis bald!; Bye
Ich habe alle Lernziele und Anforderungen des Moduls erreicht und bin nun abgeschlossen.; GetNextModule
Ich kann heute nur eine kurze Zeit lernen, was ist empfehlenswert?; InformTimeConstraint
Wo finde ich Informationen darüber, wie man die Ridge- und Lasso-Regression durchführt?; SearchForContent
Welches Thema kann ich in 30 Minuten bewältigen?; InformTimeConstraint
Kannst du mir sagen, wie viele Abschnitte noch vor mir liegen?; GetProgress
Hi!; Greet
Bis später dann.; Bye
Welche Module kann ich noch einmal durchgehen?; SuggestRepetition
Was gibt es noch, was ich lernen kann?; RequestAlternativeNextModule
Gibt es noch weitere Lerninhalte, die ich absolvieren muss?; GetProgress
Welches Thema ist als nächstes fällig?; GetNextModuleFrage
Ich benötige noch mehr Ergebnisse, um meine Suche abzuschließen.; LoadMoreSearchResults
Bitte filtere die Ergebnisse, damit ich nur Bücher sehe.; ChangeConfig
Genau das.; Yes
Was sind meine nächsten Lernziele?; GetNextModuleFrage
Das ist nicht erlaubt.; No
In welchen Themenbereichen sollte ich noch mehr Erfahrung sammeln?; SuggestImprovement
Was sind meine nächsten Lernschritte?; GetNextModuleFrage
Wie viele Schritte sind noch zu durchlaufen?; GetProgress
Welche Bereiche benötigen noch meine Aufmerksamkeit?; SuggestImprovement
Kann ich in nur 30 Minuten Fortschritte machen?; InformTimeConstraint
Wie kann ich dich steuern?; Help
Bitte gib mir nur Buchquellen.; ChangeConfig
Welche weiteren Lernquellen stehen zur Verfügung?; RequestAlternativeNextModule
Ist es erlaubt, einen Test zu diesem Thema zu machen, um meine Vorbereitung zu steigern?; RequestTest
Es ist mein Ziel, in drei Monaten mit dem Kurs fertig zu sein.; InformCompletionGoal
Wie viele Lerninhalte sind noch zu bearbeiten?; GetProgress
Wo kann ich noch mehr lernen?; SuggestImprovement
Das ist nicht meine Meinung.; No
Kann ich einen Test machen, um zu sehen, wie weit ich in diesem Thema gekommen bin?; RequestTest
Wie geht's heute?; Greet
Wo kann ich mit Experten über Regression sprechen?; SearchForContent
Gibt es ein Thema, das ich in nur 30 Minuten verstehen kann?; InformTimeConstraint
Das ist nicht der richtige Weg.; No
Bis zum nächsten Gespräch!; Bye
Wo gibt es noch Nachholbedarf für mich?; SuggestImprovement
Wo kann ich die Lektionen erneut anschauen?; SuggestRepetition
Du bist großartig, danke dafür!; Thanks
Wie geht's dir?; Greet
Wie geht's im Lernprogramm voran?; Greet
Was ist die nächste Etappe auf meiner Lernreise?; GetNextModuleFrage
Wäre es ratsam, einen Test zu diesem Thema zu machen, um meine Vorbereitung zu überdenken?; RequestTest
Ich habe alle Lektionen des Moduls erfolgreich abgeschlossen.; GetNextModule
Mein Ziel ist es, in drei Monaten alle Prüfungen des Kurses bestanden zu haben.; InformCompletionGoal
Könntest du mir bitte alle weiteren relevanten Ergebnisse zeigen, die zu meiner Suche passen?; LoadMoreSearchResults
Genau.; Yes
Wie war dein Tag bisher?; Greet
Guten Tag, wie geht es dir?; Greet
Wie kann ich mich auf eine Regression vorbereiten?; SearchForDefinition
Wie viele Kapitel habe ich bereits durchgelesen?; GetProgress
Was sind die nächsten Module in meiner Ausbildung?; GetNextModuleFrage
Das war sehr hilfreich, vielen Dank!; Thanks
Kannst du mir weitere Lernquellen empfehlen?; RequestAlternativeNextModule
Tausend Dank!; Thanks
Zustimmung.; Yes
Das ist nicht das, was ich verstehe.; No
Was kann ich tun, um mein Wissen zu erweitern?; RequestAlternativeNextModule
Zweifellos.; Yes
Gibt es noch weitere Ergebnisse, die ich überprüfen sollte?; LoadMoreSearchResults
Danke für deine wertvolle Zeit und Mühe!; Thanks
Welches Thema steht als Nächstes an?; GetNextModuleFrage
Das aktuelle Kapitel wurde von mir vollständig durchgearbeitet.; GetNextModule
Wie viele Kapitel umfasst das Curriculum?; GetProgress
Was ist der Unterschied zwischen linearer und nichtlinearer Regression?; SearchForDefinition
Kannst du mich unterstützen?; Help
Das ist nicht das Ergebnis, das ich erwartet habe.; No
Könntest du bitte alle weiteren verfügbaren Ergebnisse anzeigen?; LoadMoreSearchResults
Bis zum nächsten Mal und viel Spaß!; Bye
Wie viele Lerneinheiten stehen noch aus?; GetProgress
Ich bin dankbar für deine Expertise, danke!; Thanks
Das ist nicht das, was ich gehört habe.; No
Ich hätte gerne weitere relevante Suchergebnisse. Könntest du mir bitte helfen?; LoadMoreSearchResults
Welche Bibliotheken oder Tools eignen sich am besten für Regression?; SearchForContent
Was sind die Bereiche, in denen ich noch Übung brauche?; SuggestRepetition
Mein Ziel ist es, innerhalb von drei Monaten den Kurs zu beenden.; InformCompletionGoal
Wo kann ich noch Fortschritte erzielen?; SuggestImprovement
Welches Thema kann ich in einer kurzen halben Stunde durchgehen?; InformTimeConstraint
Ich bin sehr dankbar für deine Unterstützung!; Thanks
Lass mich nur Buchressourcen finden.; ChangeConfig
Welche Lektionen sollten nochmal durchgegangen werden, um meine Kenntnisse zu festigen?; SuggestRepetition
Grüß dich!; Greet
Gibt es eine Möglichkeit, meine Kenntnisse in diesem Thema durch einen Test oder eine Prüfung zu bewerten?; RequestTest
Ich habe mir vorgenommen, in drei Monaten den Kurs zu beenden.; InformCompletionGoal
In drei Monaten möchte ich mit dem Kurs fertig sein.; InformCompletionGoal
Ich habe alle Themen und Anforderungen in diesem Modul erfüllt und bin nun fertig.; GetNextModule
Was sind die häufigsten Fehler bei der Durchführung von Regression?; SearchForDefinition
Welche weiteren Themen könnten mir helfen, meine Ziele zu erreichen?; RequestAlternativeNextModule
Deine Hilfe hat den Unterschied gemacht, danke!; Thanks
Wie kann ich die Qualität meiner Regressionsergebnisse bewerten?; SearchForDefinition
Welche anderen Module stehen zur Verfügung?; RequestAlternativeNextModule
Gibt es noch bestimmte Themen, in denen ich besser werden könnte?; SuggestImprovement
Mein Ziel ist es, innerhalb von drei Monaten fertig zu werden.; InformCompletionGoal
Mein Ziel ist es, in drei Monaten das Kurszertifikat zu erhalten und meine Fähigkeiten zu verbessern.; InformCompletionGoal
Wie geht es dir heute im Lernprogramm?; Greet
Benötige deinen Input und Rat.; Help
Was gibt es Neues bei dir?; Greet
Ich möchte nur Bücher als Suchergebnisse bekommen.; ChangeConfig
Tschö mit ö!; Bye
Ich möchte mein Lernen auf eine halbe Stunde beschränken, was schlägst du vor?; InformTimeConstraint
Hallo, wie geht's dir?; Greet
Absolut einverstanden.; Yes
Kannst du meine Suche auf Buchquellen beschränken?; ChangeConfig
Ich danke dir von Herzen!; Thanks
Wie kann Regression bei der Vorhersage von Trends und Entwicklungen helfen?; SearchForDefinition
Gibt es eine Option, nur Buchressourcen zu durchsuchen?; ChangeConfig
Mein Ziel ist es, in drei Monaten den Kurs zu bestehen.; InformCompletionGoal
Wo kann ich die Inhalte eines bestimmten Moduls erneut durchgehen?; SuggestRepetition
Kann ich einen Test absolvieren, um zu sehen, wie viel ich in diesem Thema gelernt habe?; RequestTest
Das ist nicht akzeptabel.; No
Welche Themen erfordern noch mehr Aufmerksamkeit von mir?; SuggestImprovement
Kann ich einen Test durchführen, um mein Wissen in Bezug auf dieses Thema zu überprüfen?; RequestTest
Gibt es eine Übersicht der Lerneinheiten?; GetProgress
Die Bearbeitung des Moduls ist für mich abgeschlossen.; GetNextModule
Verstehe.; Yes
Welches Modul ist am besten für meine kurze Lernzeit geeignet?; InformTimeConstraint
Wo geht es als nächstes weiter?; GetNextModuleFrage
Ich brauche noch mehr Ergebnisse, um meine Suche zu vervollständigen.; LoadMoreSearchResults
Mein Ziel ist es, innerhalb von drei Monaten mit dem Kurs fertig zu werden.; InformCompletionGoal
Wo kann ich Kurse oder Tutorials über Regression finden?; SearchForContent
Zeige mir bitte noch mehr Suchergebnisse, die meiner vorherigen Suche entsprechen.; LoadMoreSearchResults
Wo muss ich meine Fähigkeiten noch verbessern, um erfolgreich zu sein?; SuggestImprovement
