Einen schönen Tag noch!; Bye
Ich muss jetzt gehen.; Bye
Bis später!; Bye
Bis bald!; Bye
Bis zum nächsten Mal und viel Erfolg.; Bye
Wir hören uns!; Bye
Ich wünsche dir einen schönen Tag.; Bye
Ich bin dann mal weg.; Bye
Wir hören voneinander!; Bye
Wir sehen uns bald wieder!; Bye
Bis zum nächsten Mal!; Bye
Bis zum nächsten Mal und viel Glück!; Bye
Pass auf dich auf!; Bye
Tschö mit ö!; Bye
Tschüssikowsky!; Bye
Ich bin dann mal weg!; Bye
Bis bald und alles Gute.; Bye
Servus.; Bye
Bis zum nächsten Mal und bleib gesund.; Bye
Bis zum nächsten Mal und viel Spaß!; Bye
Auf Wiedersehen!; Bye
Bis zum nächsten Mal und viel Erfolg!; Bye
Bis zum nächsten Mal.; Bye
Bis später dann.; Bye
Bis zum nächsten Mal und vielen Dank!; Bye
Tschüssi.; Bye
Schöne Zeit noch!; Bye
Wir sehen uns später wieder.; Bye
Ich melde mich später wieder.; Bye
Mach's gut!; Bye
Tschööö!; Bye
Es war mir eine Freude, mit dir zu sprechen!; Bye
Ich muss los.; Bye
Tschüssikowski!; Bye
Wir hören uns wieder.; Bye
Tschau!; Bye
Auf Wiedersehen.; Bye
Tschüss; Bye
Bis zum nächsten Mal.; Bye
Wir hören voneinander.; Bye
Pass auf dich auf.; Bye
Schönen Abend noch.; Bye
Wir hören uns später wieder!; Bye
Bis dann und bleib gesund!; Bye
Ciao!; Bye
Ich verabschiede mich für jetzt!; Bye
Wir sehen uns!; Bye
Schönen Abend noch!; Bye
Bis demnächst!; Bye
Mach's gut und bis bald!; Bye
Schönen Tag noch.; Bye
Auf Wiedersehen und vielen Dank.; Bye
Einen schönen Tag dir noch.; Bye
Tschö.; Bye
Auf Wiederhören!; Bye
Wir hören uns bald wieder, Tschüss!; Bye
Wir hören uns später.; Bye
Mach's gut.; Bye
Wir sprechen uns bald wieder!; Bye
Bis zum nächsten Mal und eine gute Zeit!; Bye
Bis zum nächsten Gespräch!; Bye
Bis zum nächsten Mal und viel Glück.; Bye
Bis zum nächsten Mal und viel Spaß.; Bye
Bis demnächst und viel Erfolg!; Bye
Ich möchte mich jetzt auf Bücher beschränken.; ChangeConfig
Ich suche nur nach Buchressourcen, hast du Empfehlungen?; ChangeConfig
Kannst du mir nur Buchempfehlungen geben?; ChangeConfig
Gibt es eine Option, nur Bücher zu durchsuchen?; ChangeConfig
Könntest du mir ausschließlich Buchempfehlungen geben?; ChangeConfig
Ich möchte mich auf Buchressourcen beschränken.; ChangeConfig
Könntest du mir nur Buchempfehlungen geben?; ChangeConfig
Ich bevorzuge es, mich auf Bücher zu beschränken.; ChangeConfig
Kannst du meine Suche auf Buchquellen beschränken?; ChangeConfig
Bitte filtere die Suchergebnisse auf Bücher.; ChangeConfig
Bitte filtere die Ergebnisse, damit ich nur Bücher sehe.; ChangeConfig
Bitte empfehle mir nur Bücher als Suchergebnisse.; ChangeConfig
Ich möchte mich nur auf Buchempfehlungen konzentrieren.; ChangeConfig
Ich bin nur an Büchern interessiert, kannst du mir helfen?; ChangeConfig
Kannst du mir nur Büchervorschläge geben?; ChangeConfig
Ich will nur Buchergebnisse sehen.; ChangeConfig
Bitte schlage mir nur Buchquellen vor.; ChangeConfig
Ich bin nur an Büchern interessiert.; ChangeConfig
Ich suche nur nach Büchern, hast du Empfehlungen?; ChangeConfig
Ich möchte mich auf Bücher beschränken.; ChangeConfig
Gibt es eine Option, nur nach Büchern zu suchen?; ChangeConfig
Bitte schlage mir nur Buchquellen zum Lesen vor.; ChangeConfig
Gibt es eine Option, nur Bücher zu suchen?; ChangeConfig
Bitte beschränke die Suche auf Bücher.; ChangeConfig
Ich möchte mich auf Bücher konzentrieren, hast du Empfehlungen?; ChangeConfig
Ich würde gerne nur Buchempfehlungen bekommen.; ChangeConfig
Ich will nur Buch-Ergebnisse sehen.; ChangeConfig
Ich interessiere mich nur für Bücher.; ChangeConfig
Bitte schlage mir nur Buchquellen als Suchergebnisse vor.; ChangeConfig
Ich bevorzuge es, mich auf Bücher zu konzentrieren.; ChangeConfig
Ich möchte nur Bücher als Suchergebnisse bekommen.; ChangeConfig
Ich hätte gerne eine Suche, die sich nur auf Bücher konzentriert.; ChangeConfig
Bitte beschränke die Suche auf Bücher.; ChangeConfig
Könntest du meine Suche auf Bücher beschränken?; ChangeConfig
Gibt es eine Möglichkeit, nur Bücher als Suchquelle zu haben?; ChangeConfig
Lass mich nur Buchempfehlungen finden.; ChangeConfig
Ich bin nur an Buchquellen interessiert.; ChangeConfig
Ich will mich nur auf Bücher konzentrieren.; ChangeConfig
Ich bevorzuge es, nur Buchquellen zu haben.; ChangeConfig
Ich bevorzuge es, nur Buchquellen zu haben.; ChangeConfig
Ich möchte mich nur auf Bücher konzentrieren.; ChangeConfig
Ich will mich nur auf Bücher konzentrieren.; ChangeConfig
Kannst du mir ausschließlich Buchvorschläge geben?; ChangeConfig
Kannst du meine Suche auf Bücher beschränken?; ChangeConfig
Kannst du mir nur Buchressourcen empfehlen?; ChangeConfig
Kannst du mir nur Buchvorschläge geben?; ChangeConfig
Bitte gib mir nur Buchvorschläge.; ChangeConfig
Lass mich nur Buchressourcen finden.; ChangeConfig
Bitte empfehle mir nur Bücher zum Lesen.; ChangeConfig
Bitte gib mir nur Buchquellen.; ChangeConfig
Bitte schlage mir nur Bücher als Suchergebnisse vor.; ChangeConfig
Bitte schlage mir nur Bücher zum Lesen vor.; ChangeConfig
Könnten wir uns nur auf Bücher konzentrieren?; ChangeConfig
Ich will mich nur auf Buchquellen konzentrieren.; ChangeConfig
Ich bin nur an Buchquellen interessiert.; ChangeConfig
Können wir die Suche auf Bücher eingrenzen?; ChangeConfig
Ich bin nur an Buchressourcen interessiert, kannst du mir helfen?; ChangeConfig
Kannst du mir nur Buchvorschläge geben?; ChangeConfig
Gibt es eine Möglichkeit, nur Buchquellen zu haben?; ChangeConfig
Gibt es eine Möglichkeit, nur nach Büchern zu suchen?; ChangeConfig
Könnten Sie mir nur Buch-spezifische Informationen geben?; ChangeConfig
Kannst du mich auf Bücher spezialisieren?; ChangeConfig
Ich will nur nach Büchern suchen.; ChangeConfig
Ich bin auf der Suche nach Buchressourcen, kannst du mir helfen?; ChangeConfig
Ich habe alle Themen und Herausforderungen in diesem Modul bearbeitet und bin nun fertig.; GetNextModule
Ich habe alle Übungen und Aufgaben des Moduls erfolgreich absolviert.; GetNextModule
Ich bin nun mit diesem Modul fertig.; GetNextModule
Ich bin nun mit allen Aufgaben dieses Moduls durch.; GetNextModule
Ich habe alle Lernziele in diesem Modul erreicht und bin nun fertig.; GetNextModule
Ich habe alle Herausforderungen und Aufgaben in diesem Modul gemeistert und bin nun bereit für neue Lernziele.; GetNextModule
Ich habe alle Themen und Anforderungen in diesem Modul erfüllt und bin nun fertig.; GetNextModule
Das aktuelle Kapitel ist nun für mich beendet.; GetNextModule
Das Modul wurde erfolgreich abgeschlossen und ich bin stolz auf meine Leistung.; GetNextModule
Ich habe alle Herausforderungen in diesem Modul erfolgreich gemeistert.; GetNextModule
Ich habe alle Testfragen in diesem Modul richtig beantwortet.; GetNextModule
Ich habe alle Lernziele in diesem Modul erreicht.; GetNextModule
Ich habe alle Fragen in diesem Modul richtig beantwortet.; GetNextModule
Ich habe alle Aufgaben und Übungen in diesem Modul erfolgreich erledigt.; GetNextModule
Ich habe alle erforderlichen Schritte in diesem Modul erledigt.; GetNextModule
Das Modul wurde erfolgreich abgeschlossen und ich bin bereit für neue Lernziele.; GetNextModule
Ich habe alle Abschnitte des Moduls erfolgreich abgeschlossen.; GetNextModule
Ich habe alle Themen und Aufgaben des Moduls erfolgreich bearbeitet und bin nun fertig.; GetNextModule
Ich habe alle Anforderungen und Aufgaben in diesem Modul erfüllt und bin nun abgeschlossen.; GetNextModule
Ich habe alle Anforderungen dieses Moduls erfolgreich erfüllt.; GetNextModule
Ich habe alle Inhalte des Moduls vollständig verstanden.; GetNextModule
Das Modul wurde von mir vollständig durchgearbeitet und ich bin nun fertig.; GetNextModule
Ich habe alle erforderlichen Prüfungen und Aufgaben in diesem Modul gemeistert und bin nun fertig.; GetNextModule
Ich habe alle Aufgaben in diesem Modul erfolgreich bearbeitet.; GetNextModule
Ich habe alle Inhalte und Aufgaben des Moduls erledigt und bin nun fertig.; GetNextModule
Ich habe alle Lernziele des Moduls erfolgreich erreicht.; GetNextModule
Ich bin mit diesem Kapitel nun durch.; GetNextModule
Ich habe alle Lektionen durchgearbeitet und bin nun fertig.; GetNextModule
Ich habe nun alle Kapitel und Themen des Moduls abgeschlossen.; GetNextModule
Ich habe alle Aufgaben und Lernziele in diesem Modul erreicht.; GetNextModule
Ich habe alle notwendigen Schritte in diesem Modul absolviert.; GetNextModule
Ich habe alle Fragen in diesem Modul vollständig beantwortet.; GetNextModule
Ich habe alle nötigen Anforderungen des Moduls erfüllt.; GetNextModule
Ich habe das Modul vollständig bearbeitet.; GetNextModule
Ich habe alle Testfragen in diesem Modul korrekt beantwortet.; GetNextModule
Ich habe alle Lerninhalte in diesem Modul erfolgreich absolviert.; GetNextModule
Ich bin mit allen Anforderungen in diesem Modul fertig geworden.; GetNextModule
Ich habe alle Anforderungen des Moduls erfüllt.; GetNextModule
Ich habe alle Aufgaben und Schritte in diesem Modul erfolgreich abgeschlossen.; GetNextModule
Ich bin nun mit der Bearbeitung dieses Moduls fertig.; GetNextModule
Ich bin jetzt fertig.; GetNextModule
Das aktuelle Modul ist für mich nun abgeschlossen.; GetNextModule
Ich habe alle Lernziele und Anforderungen des Moduls erreicht und bin nun abgeschlossen.; GetNextModule
Ich habe alle Abschnitte des Moduls durchgearbeitet und bin nun abgeschlossen.; GetNextModule
Ich habe alle Anforderungen des Moduls vollständig erfüllt und bin nun fertig.; GetNextModule
Ich habe alle Themen in diesem Modul vollständig verinnerlicht.; GetNextModule
Ich habe alle Lektionen des Moduls erfolgreich abgeschlossen.; GetNextModule
Ich habe das Modul vollständig bearbeitet und abgeschlossen.; GetNextModule
Ich habe alle Übungen und Aufgaben des Moduls erfolgreich absolviert und bin nun fertig.; GetNextModule
Ich habe alle erforderlichen Aufgaben und Anforderungen in diesem Modul abgeschlossen.; GetNextModule
Das aktuelle Kapitel wurde von mir erfolgreich abgeschlossen.; GetNextModule
Ich habe alle Aufgaben und Lektionen in diesem Modul durchgearbeitet und bin nun abgeschlossen.; GetNextModule
Ich bin nun bereit für den nächsten Schritt.; GetNextModule
Ich habe alle Lektionen und Aufgaben des Moduls durchgearbeitet.; GetNextModule
Ich habe alle Aufgaben in diesem Modul korrekt gelöst.; GetNextModule
Ich habe alle Themen und Kapitel in diesem Modul abgeschlossen und bin bereit für das nächste.; GetNextModule
Ich habe alle Lektionen und Themen des Moduls durchgearbeitet und bin nun fertig.; GetNextModule
Ich habe alle Lektionen und Herausforderungen in diesem Modul gemeistert und bin nun fertig.; GetNextModule
Ich habe das Modul erfolgreich beendet und bin bereit für das nächste.; GetNextModule
Was wird als nächstes behandelt?; GetNextModuleFrage
Was sind die nächsten Schritte, um meine Kompetenzen zu verbessern?; GetNextModuleFrage
Was sind meine nächsten Lernschritte?; GetNextModuleFrage
Welches Thema sollte ich als Nächstes vertiefen?; GetNextModuleFrage
Welches Thema sollte ich als nächstes angehen?; GetNextModuleFrage
Was sollte ich als Nächstes studieren?; GetNextModuleFrage
Was ist der nächste Schritt, um meine Fähigkeiten zu verbessern?; GetNextModuleFrage
Was ist der nächste Themenblock?; GetNextModuleFrage
Was ist als Nächstes in meinem Lehrplan vorgesehen?; GetNextModuleFrage
Welche Themenbereiche sind als nächstes dran?; GetNextModuleFrage
Welches Thema kommt als Nächstes dran?; GetNextModuleFrage
Was sind die nächsten Schritte im Lernprozess?; GetNextModuleFrage
Was kommt als nächstes dran?; GetNextModuleFrage
Was kann ich als nächstes lernen?; GetNextModuleFrage
Was sollte ich als Nächstes lernen, um mein Wissen zu vertiefen?; GetNextModuleFrage
Welches Thema sollte ich als Nächstes bearbeiten?; GetNextModuleFrage
Welches Thema sollte ich als Nächstes untersuchen?; GetNextModuleFrage
Welches Thema steht als nächstes an der Reihe?; GetNextModuleFrage
Welches Kapitel sollte ich als Nächstes lesen?; GetNextModuleFrage
Was sind die nächsten Lernmodule?; GetNextModuleFrage
Wo geht es als nächstes weiter?; GetNextModuleFrage
Welches Modul folgt als nächstes?; GetNextModuleFrage
Was ist der nächste Abschnitt in meinem Lernprozess?; GetNextModuleFrage
Was sind die nächsten Themen, die ich lernen sollte?; GetNextModuleFrage
Welches Thema ist als Nächstes dran?; GetNextModuleFrage
Welches Thema kommt als Nächstes in meinem Studium?; GetNextModuleFrage
Welches Thema soll ich als nächstes angehen?; GetNextModuleFrage
Wo geht es als nächstes weiter im Kurs?; GetNextModuleFrage
Welches Thema kommt als nächstes dran?; GetNextModuleFrage
Welche Lektionen warten als nächstes auf mich?; GetNextModuleFrage
Was gibt es noch zu lernen?; GetNextModuleFrage
Was sind die nächsten Themen?; GetNextModuleFrage
Was ist das nächste Modul in meiner Ausbildung?; GetNextModuleFrage
Was steht als nächstes auf dem Lehrplan?; GetNextModuleFrage
Was sind die nächsten Lernziele?; GetNextModuleFrage
Welche Themen warten auf mich als nächstes?; GetNextModuleFrage
Welches Thema steht als Nächstes an?; GetNextModuleFrage
Wo soll ich als nächstes meine Aufmerksamkeit drauflegen?; GetNextModuleFrage
Was sind die nächsten Module in meiner Ausbildung?; GetNextModuleFrage
Was kommt als nächstes in meinem Lernplan?; GetNextModuleFrage
Was ist als nächstes auf meinem Lernweg geplant?; GetNextModuleFrage
Was ist der nächste Lernabschnitt?; GetNextModuleFrage
Was ist das nächste Modul auf der Agenda?; GetNextModuleFrage
Was ist die nächste Lektion auf meiner Lernliste?; GetNextModuleFrage
Was ist das nächste Modul auf dem Programm?; GetNextModuleFrage
Welche Themen folgen auf dieses Modul?; GetNextModuleFrage
Welches Thema sollte ich als Nächstes meistern?; GetNextModuleFrage
Was ist als nächstes in meinem Curriculum geplant?; GetNextModuleFrage
Welche Themen sind für mich als nächstes relevant?; GetNextModuleFrage
Welche Inhalte warten als nächstes auf mich?; GetNextModuleFrage
Was sollte ich als Nächstes in Angriff nehmen?; GetNextModuleFrage
Welches Thema ist als nächstes fällig?; GetNextModuleFrage
Welches Wissen steht als nächstes an?; GetNextModuleFrage
Welche Module kommen als nächstes?; GetNextModuleFrage
Was steht als nächstes auf meiner Lernagenda?; GetNextModuleFrage
Welche Inhalte kommen als nächstes?; GetNextModuleFrage
Was sollte ich als Nächstes auf meiner Lernreise lernen?; GetNextModuleFrage
Welche Inhalte sind als nächstes geplant?; GetNextModuleFrage
Was ist der nächste Schritt in meiner Lernreise?; GetNextModuleFrage
Welche Schwerpunkte sind als nächstes dran?; GetNextModuleFrage
Was wäre als Nächstes auf meiner Lernliste?; GetNextModuleFrage
Was sind die nächsten Schritte in meinem Lernprozess?; GetNextModuleFrage
Welches Wissen muss ich als nächstes erwerben?; GetNextModuleFrage
Was sollte ich als Nächstes erforschen?; GetNextModuleFrage
Wie viele Themen muss ich noch lernen?; GetProgress
Wie viele Module sind noch übrig?; GetProgress
Wie viele Lektionen müssen noch gelernt werden?; GetProgress
Wie viele Lerninhalte muss ich noch durchgehen?; GetProgress
Wie viele Themen muss ich noch durchgehen, bevor ich den Kurs beenden kann?; GetProgress
Wie viele Kapitel muss ich noch lernen?; GetProgress
Wie viele Kapitel muss ich noch durchgehen?; GetProgress
Wie viele Einheiten gibt es noch zu bearbeiten?; GetProgress
Wie viele Lerneinheiten muss ich noch durchgehen?; GetProgress
Wie viele Module muss ich noch durchlaufen, bevor der Kurs abgeschlossen ist?; GetProgress
Wie viele Lektionen gibt es insgesamt in diesem Kurs?; GetProgress
Kannst du mir sagen, wie viele Kapitel ich noch lesen muss?; GetProgress
Wie viele Themen habe ich bereits gelernt?; GetProgress
Wie viele Lektionen beinhaltet der Kurs?; GetProgress
Wie viele Kurseinheiten muss ich noch bearbeiten?; GetProgress
Wie viele Abschnitte beinhaltet das Programm?; GetProgress
Wie viele Lernstufen gibt es noch?; GetProgress
Gibt es noch weitere Themen, die ich durchgehen muss?; GetProgress
Gibt es noch weitere Module, die ich durchlaufen muss?; GetProgress
Wie viele Kapitel sind noch zu absolvieren?; GetProgress
Wie viele Lektionen sind noch übrig?; GetProgress
Wie viele Lerninhalte sind noch zu bearbeiten?; GetProgress
Wie viele Lerninhalte muss ich noch absolvieren, bevor der Kurs abgeschlossen ist?; GetProgress
Wie viele Themenblöcke muss ich noch durchgehen?; GetProgress
Wie viele Schritte sind noch zu durchlaufen?; GetProgress
Wie viele Kapitel muss ich noch lernen?; GetProgress
Wie viele Lernmodule gibt es noch zu bearbeiten?; GetProgress
Wie viele Kurseinheiten muss ich noch absolvieren?; GetProgress
Wie viele Einheiten habe ich bereits absolviert und wie viele sind noch übrig?; GetProgress
Kannst du mir sagen, wie viele Module ich noch durchgehen muss?; GetProgress
Wie viele Schritte fehlen noch bis zum Ende?; GetProgress
Wie viele Einheiten muss ich noch abschließen?; GetProgress
Wie viele Abschnitte muss ich noch absolvieren?; GetProgress
Wie weit bin ich in dem Kurs fortgeschritten?; GetProgress
Gibt es noch weitere Einheiten, die ich durchlaufen muss?; GetProgress
Wie viele Abschnitte gibt es in diesem Kurs?; GetProgress
Wie viele Einheiten sind noch übrig?; GetProgress
Wie viele Lektionen habe ich noch zu absolvieren?; GetProgress
Wie viele Teile hat der Kurs?; GetProgress
Kannst du mir sagen, wie viele Lernmodule noch vor mir liegen?; GetProgress
Wie viele Lerninhalte gibt es insgesamt in diesem Kurs?; GetProgress
Wie viele Abschnitte sind noch übrig?; GetProgress
Wie viele Themenbereiche gibt es insgesamt?; GetProgress
Wie viele Module habe ich bereits absolviert und wie viele sind noch übrig?; GetProgress
Gibt es eine Übersicht der Lerneinheiten?; GetProgress
Wie viele Abschnitte sind noch zu durchlaufen?; GetProgress
Wie viele Themen muss ich noch durchgehen?; GetProgress
Wie viele Einheiten habe ich noch nicht abgeschlossen?; GetProgress
Wie viele Abschnitte muss ich noch durchgehen?; GetProgress
Wie viele Kapitel habe ich bereits durchgelesen?; GetProgress
Wie viele Module gibt es insgesamt?; GetProgress
Wie viele Lernmodule sind noch übrig?; GetProgress
Wie viele Lerninhalte warten noch auf mich?; GetProgress
Wie viele Kapitel umfasst das Curriculum?; GetProgress
Wie viele Lektionen muss ich noch durchgehen, bevor ich den Kurs abschließen kann?; GetProgress
Wie viele Lernschritte fehlen noch bis zum Abschluss?; GetProgress
Wie viele Kapitel muss ich noch bewältigen?; GetProgress
Wie viele Themen gibt es noch zu bewältigen?; GetProgress
Wie viele Einheiten sind noch zu absolvieren?; GetProgress
Wie viele Schritte sind noch zu absolvieren?; GetProgress
Wie viele Einheiten habe ich noch nicht abgeschlossen?; GetProgress
Wie viele Teile muss ich noch absolvieren?; GetProgress
Wie viele Kapitel gibt es insgesamt?; GetProgress
Wie viele Module gibt es noch zu durchlaufen?; GetProgress
Hallo; Greet
Wie kann ich dir helfen?; Greet
Hallo und schön, dass du da bist!; Greet
Grüß Gott!; Greet
Willkommen zurück!; Greet
Hallo, wie kann ich dir helfen?; Greet
Hi!; Greet
Wie geht's deinem Lernfortschritt?; Greet
Wie geht es dir heute?; Greet
Was gibt es zu berichten?; Greet
Wie kann ich dir helfen?; Greet
Was gibt es Neues bei dir?; Greet
Schön, dich hier zu haben!; Greet
Hi da!; Greet
Schön, dass du hier bist, wie kann ich dir helfen?; Greet
Wie kann ich dir helfen, deine Ziele zu erreichen?; Greet
Wie läuft's?; Greet
Wie kann ich dich heute unterstützen?; Greet
Schön, dich zu sehen!; Greet
Moin!; Greet
Hi, was kann ich für dich tun?; Greet
Was steht auf dem Programm?; Greet
Hey, wie geht's dir heute?; Greet
Was steht auf deiner To-do-Liste?; Greet
Was hast du vor?; Greet
Hallo, wie geht es dir heute?; Greet
Wie kann ich heute helfen?; Greet
Hallo da!; Greet
Schön, dass du da bist!; Greet
Schön, dich zu sehen!; Greet
Was hast du vor?; Greet
Guten Morgen!; Greet
Hey, wie geht's?; Greet
Wie geht's heute?; Greet
Wie war dein Tag bisher?; Greet
Servus!; Greet
Hallo, wie war dein Tag?; Greet
Wie geht's, wie steht's?; Greet
Was gibt's Neues?; Greet
Hallo, wie kann ich dir weiterhelfen?; Greet
Guten Tag und herzlich willkommen!; Greet
Schön, dich kennenzulernen!; Greet
Schön, dich wiederzusehen!; Greet
Was gibt es Neues bei dir?; Greet
Willkommen!; Greet
Moin!; Greet
Guten Tag!; Greet
Freut mich, mit dir zu sprechen!; Greet
Was hast du geplant?; Greet
Wie geht's im Lernprogramm voran?; Greet
Na, wie läuft's?; Greet
Hey!; Greet
Wie kann ich dich auf deiner Lernreise unterstützen?; Greet
Wie kann ich dir helfen, Fortschritte zu machen?; Greet
Wie kann ich dich in deinem Lernprozess unterstützen?; Greet
Aloha!; Greet
Hey!; Greet
Wie geht es dir heute im Lernprogramm?; Greet
Guten Abend!; Greet
Wie kann ich dich heute unterstützen?; Greet
Guten Tag!; Greet
Hallo, wie geht's dir?; Greet
Was kann ich heute für dich tun?; Greet
Willkommen zurück, wie kann ich dir helfen?; Greet
Hallo und willkommen zurück!; Greet
Hey, was hast du heute gemacht?; Greet
Guten Abend!; Greet
Na, alles klar?; Greet
Was gibt's Neues?; Greet
Hallo!; Greet
Was steht auf deinem Plan?; Greet
Hallo und willkommen zu unserem Lernprogramm!; Greet
Hey, wie geht's?; Greet
Wie kann ich dir heute helfen, Fortschritte zu machen?; Greet
Hey, schön dich zu treffen!; Greet
Hi!; Greet
Wie kann ich dir bei deiner Lernreise helfen?; Greet
Wie kann ich dir bei deinem nächsten Schritt helfen?; Greet
Grüß dich!; Greet
Wie geht's dir?; Greet
Habe Schwierigkeiten, kannst du mich unterstützen?; Help
Benötige Hilfe bei meinem Problem.; Help
Kannst du mir zur Seite stehen?; Help
Kannst du mir helfen, eine bestimmte Aufgabe zu erledigen?; Help
Wie weit reichen deine Fähigkeiten?; Help
Was hast du zu bieten?; Help
Was kannst du mir bieten?; Help
Wie kann ich dich nutzen?; Help
Benötige deinen Input und Rat.; Help
Wäre toll, wenn du mich unterstützen könntest.; Help
Benötige deinen Beistand.; Help
Kannst du mir bei etwas helfen?; Help
Welche Funktionen hast du?; Help
Kannst du mir Lösungen bieten?; Help
Was kann ich mit dir machen?; Help
Kannst du mir bei etwas helfen?; Help
Wie funktionierst du?; Help
Wie kann ich dich programmieren?; Help
Kannst du mir sagen, was du machen kannst?; Help
Wäre nett, wenn du mir helfen könntest.; Help
Brauche Hilfe bei dieser Aufgabe.; Help
Kannst du mich beraten und unterstützen?; Help
Ich stecke fest, kannst du helfen?; Help
Kannst du mich beraten?; Help
Wie kann ich dich anweisen?; Help
Brauche Unterstützung!; Help
Bin auf Hilfe angewiesen.; Help
Was für eine Art von Aufgaben kannst du bewältigen?; Help
Brauche Anleitung, kannst du helfen?; Help
Kannst du mir dabei helfen, etwas zu tun?; Help
Was sind deine besonderen Fähigkeiten?; Help
Brauche deine Expertise, kannst du helfen?; Help
Kannst du mich unterstützen?; Help
Wie kann ich dich konfigurieren?; Help
Brauche deinen Input.; Help
Welche Funktionen stehen mir zur Verfügung?; Help
Wäre toll, wenn du mir helfen könntest.; Help
Kannst du mir helfen?; Help
Kannst du mich coachen?; Help
Was sind deine Fähigkeiten?; Help
Was sind deine Möglichkeiten?; Help
Ich könnte eine Hand gebrauchen.; Help
Kannst du mir weiterhelfen?; Help
Welche Anweisungen verstehst du?; Help
Kannst du mir Tipps geben?; Help
Kannst du mir sagen, was du alles kannst?; Help
Welche Aufgaben kannst du erledigen?; Help
Was kann ich tun?; Help
Wäre dankbar für deine Hilfe und Unterstützung.; Help
Wie arbeitest du?; Help
Wie kann ich deine Fähigkeiten nutzen?; Help
Wie kann ich dich einsetzen?; Help
Kannst du mir helfen?; Help
Wie kann ich dich steuern?; Help
Brauche Rat und Beistand.; Help
Welche Funktionen stehen mir zur Verfügung?; Help
Kannst du mich unterstützen?; Help
Kannst du mir eine Lösung präsentieren?; Help
Was kannst du für mich tun?; Help
Benötige deinen Rat und deine Hilfe.; Help
Benötige Hilfe hier!; Help
Was sind deine Eigenschaften?; Help
Habe eine Herausforderung, kannst du helfen?; Help
Wäre dankbar für deine Hilfe.; Help
Kannst du mir Orientierung geben?; Help
Ich möchte in drei Monaten alle Module des Kurses durchgearbeitet haben.; InformCompletionGoal
Mein Ziel ist es, in drei Monaten den Kurs erfolgreich abzuschließen und meine Kenntnisse zu erweitern.; InformCompletionGoal
Ich möchte innerhalb von drei Monaten mit dem Kurs durchkommen.; InformCompletionGoal
Ich plane, den Kurs in drei Monaten zu beenden.; InformCompletionGoal
In drei Monaten möchte ich den Kurs beendet haben.; InformCompletionGoal
Ich möchte den Kurs in drei Monaten durchlaufen haben.; InformCompletionGoal
Ich will in drei Monaten fertig sein.; InformCompletionGoal
Innerhalb der nächsten drei Monate möchte ich den Kurs abschließen.; InformCompletionGoal
Ich habe vor, innerhalb von drei Monaten den Kurs erfolgreich abzuschließen.; InformCompletionGoal
Ich plane, den Kurs in drei Monaten zu beenden und zertifiziert zu werden.; InformCompletionGoal
Ich strebe an, in drei Monaten den Kurs erfolgreich beendet zu haben.; InformCompletionGoal
Meine Zielvorgabe lautet, in drei Monaten mit dem Kurs durchzukommen.; InformCompletionGoal
Mein Ziel ist es, in drei Monaten alle Lerninhalte des Kurses abzuschließen.; InformCompletionGoal
In drei Monaten möchte ich das Zertifikat für den Kurs in den Händen halten.; InformCompletionGoal
In drei Monaten möchte ich den Kurs abgeschlossen haben.; InformCompletionGoal
Mein Ziel ist es, innerhalb von drei Monaten mit dem Kurs fertig zu werden.; InformCompletionGoal
Mein Ziel ist es, innerhalb von drei Monaten den Kurs zu beenden.; InformCompletionGoal
In drei Monaten möchte ich den Kurs erfolgreich durchlaufen haben.; InformCompletionGoal
Mein Ziel ist es, in drei Monaten den Kurs erfolgreich zu beenden.; InformCompletionGoal
Ich will den Kurs in drei Monaten abgeschlossen haben.; InformCompletionGoal
Ich strebe danach, in drei Monaten den Kurs erfolgreich abzuschließen.; InformCompletionGoal
Ich plane, innerhalb von drei Monaten den Kurs erfolgreich abzuschließen.; InformCompletionGoal
Mein Wunsch ist es, in drei Monaten den Kurs abzuschließen.; InformCompletionGoal
Mein Ziel ist es, in drei Monaten erfolgreich den Kurs abzuschließen.; InformCompletionGoal
Ich möchte den Kurs spätestens in drei Monaten abschließen.; InformCompletionGoal
Mein Ziel ist es, in drei Monaten abzuschließen.; InformCompletionGoal
Ich möchte in drei Monaten den Kurs erfolgreich beendet haben.; InformCompletionGoal
Mein Ziel ist es, in drei Monaten den Kurs erfolgreich zu abschließen.; InformCompletionGoal
In drei Monaten will ich den Kurs erfolgreich bestanden haben.; InformCompletionGoal
Innerhalb der nächsten drei Monate möchte ich den Kurs absolvieren.; InformCompletionGoal
In drei Monaten will ich den Kurs erfolgreich absolvieren.; InformCompletionGoal
In drei Monaten möchte ich das Zertifikat für den Kurs erwerben.; InformCompletionGoal
Ich möchte den Kurs innerhalb von drei Monaten erfolgreich durchlaufen haben.; InformCompletionGoal
Mein Plan ist es, den Kurs in drei Monaten abgeschlossen zu haben.; InformCompletionGoal
Ich möchte in drei Monaten alle Kursinhalte durchgearbeitet haben.; InformCompletionGoal
Mein Ziel ist es, in drei Monaten alle Prüfungen des Kurses bestanden zu haben.; InformCompletionGoal
Mein Ziel ist es, in drei Monaten alle Kurseinheiten durchgearbeitet zu haben.; InformCompletionGoal
In drei Monaten sollte ich mit dem Kurs fertig sein.; InformCompletionGoal
Mein Ziel ist es, in drei Monaten den Kurs zu bestehen.; InformCompletionGoal
In drei Monaten möchte ich den Kurs erfolgreich abschließen.; InformCompletionGoal
In drei Monaten möchte ich alle Lernziele des Kurses erreicht haben.; InformCompletionGoal
Mein Ziel ist es, in drei Monaten mit dem Kurs fertig zu sein.; InformCompletionGoal
In drei Monaten möchte ich den Kurs erfolgreich absolvieren.; InformCompletionGoal
Mein Ziel ist es, in drei Monaten das Zertifikat für den Kurs in den Händen zu halten.; InformCompletionGoal
Ich strebe an, den Kurs in drei Monaten erfolgreich abzuschließen.; InformCompletionGoal
Ich möchte meinen Kurs innerhalb von drei Monaten abschließen.; InformCompletionGoal
Mein Ziel ist es, den Kurs in drei Monaten abgeschlossen zu haben.; InformCompletionGoal
Es ist mein Ziel, in drei Monaten mit dem Kurs fertig zu sein.; InformCompletionGoal
Ich strebe an, in drei Monaten fertig zu sein.; InformCompletionGoal
Ich habe vor, innerhalb von drei Monaten mit dem Kurs fertig zu werden.; InformCompletionGoal
Ich habe vor, den Kurs in drei Monaten zu beenden.; InformCompletionGoal
Ich habe den Wunsch, in drei Monaten den Kurs abgeschlossen zu haben.; InformCompletionGoal
Innerhalb von drei Monaten will ich den Kurs durchlaufen haben.; InformCompletionGoal
In drei Monaten möchte ich mit dem Kurs fertig sein.; InformCompletionGoal
Es ist mein Ziel, in drei Monaten den Kurs erfolgreich abzuschließen und das Zertifikat zu erhalten.; InformCompletionGoal
Mein Ziel ist es, innerhalb von drei Monaten den Kurs abzuschließen.; InformCompletionGoal
Ich habe vor, innerhalb von drei Monaten den Kurs zu beenden.; InformCompletionGoal
Innerhalb von drei Monaten möchte ich den Kurs erfolgreich absolvieren.; InformCompletionGoal
Ich plane, in drei Monaten mit dem Kurs fertig zu sein.; InformCompletionGoal
Gibt es ein Thema, das ich in nur 30 Minuten verstehen kann?; InformTimeConstraint
Ich muss in 30 Minuten fertig sein, welche Module sind kurz genug, um in dieser Zeit abgeschlossen zu werden?; InformTimeConstraint
Ich kann heute nur eine kurze Zeit lernen, was ist empfehlenswert?; InformTimeConstraint
Kann ich etwas Nützliches in nur 30 Minuten lernen?; InformTimeConstraint
Gibt es ein Thema, das ich in kurzer Zeit verstehen kann?; InformTimeConstraint
Welche Einheit passt in meine beschränkte Lernzeit von 30 Minuten?; InformTimeConstraint
Welches Thema ist am besten für eine schnelle halbe Stunde Lernzeit geeignet?; InformTimeConstraint
Welches Modul kann ich in 30 Minuten schaffen?; InformTimeConstraint
Ich habe heute nur eine halbe Stunde Zeit, welche Lektion ist am besten für mich?; InformTimeConstraint
Welches Thema kann ich in einer kurzen halben Stunde durchgehen?; InformTimeConstraint
Gibt es ein Thema, das ich in 30 Minuten verstehen kann und das mir hilft, meine Fähigkeiten zu verbessern?; InformTimeConstraint
Ich habe nur 30 Minuten übrig, was ist die beste Verwendung meiner Lernzeit?; InformTimeConstraint
Ich habe nur 30 Minuten Zeit, was ist die beste Verwendung meiner Lernzeit?; InformTimeConstraint
Welches Modul ist für meine begrenzte Lernzeit geeignet?; InformTimeConstraint
Welches Modul kann ich in 30 Minuten erledigen?; InformTimeConstraint
Ich habe nicht viel Zeit heute, können Sie mir eine kurze Einheit empfehlen?; InformTimeConstraint
Gibt es ein Thema, das ich in einer halben Stunde bewältigen kann?; InformTimeConstraint
Ich habe 30 Minuten übrig, welche Lerneinheiten sind am effektivsten?; InformTimeConstraint
Was kann ich tun, um in einer kurzen Zeitspanne Fortschritte zu machen?; InformTimeConstraint
Kannst du mir ein Thema empfehlen, das ich in einer halben Stunde schaffen kann?; InformTimeConstraint
Ich habe nur 30 Minuten Zeit, was sollte ich tun, um den größtmöglichen Nutzen zu erzielen?; InformTimeConstraint
Kannst du mir eine Einheit empfehlen, die in 30 Minuten abgeschlossen werden kann?; InformTimeConstraint
Kannst du mir etwas vorschlagen, das ich in 30 Minuten durchgehen kann?; InformTimeConstraint
Ich möchte mein Lernen auf eine halbe Stunde beschränken, was schlägst du vor?; InformTimeConstraint
Ich habe heute nur 30 Minuten; InformTimeConstraint
Ich habe heute nur eine halbe Stunde Zeit, was kann ich tun?; InformTimeConstraint
Gibt es ein Modul, das ich in 30 Minuten abschließen kann und das einen hohen Lernerfolg bringt?; InformTimeConstraint
Ich möchte eine Lerneinheit finden, die ich in einer halben Stunde durchgehen kann. Was schlagen Sie vor?; InformTimeConstraint
Kann ich in nur 30 Minuten Fortschritte machen?; InformTimeConstraint
Wie kann ich meine Zeit am besten nutzen, wenn ich nur 30 Minuten habe?; InformTimeConstraint
Ich möchte meine knappe Lernzeit von 30 Minuten optimal nutzen, was schlägst du vor?; InformTimeConstraint
Was kann ich in einer halben Stunde lernen, um meine Lernziele zu erreichen?; InformTimeConstraint
Ich habe nur eine begrenzte Zeit zur Verfügung, welche Einheit/Modul/Thema sollte ich priorisieren?; InformTimeConstraint
Was kann ich in 30 Minuten tun, um weiterzukommen?; InformTimeConstraint
Was kann ich tun, um in einer halben Stunde das meiste aus meiner Lernzeit herauszuholen?; InformTimeConstraint
Welches Thema kann ich schnell durchgehen, um Zeit zu sparen?; InformTimeConstraint
Kannst du mir eine kurze Lektion empfehlen, die in einer halben Stunde abgeschlossen werden kann?; InformTimeConstraint
Ich habe nicht viel Zeit, aber ich möchte trotzdem lernen, welche Optionen gibt es?; InformTimeConstraint
Welches Modul ist am besten für meine kurze Lernzeit geeignet?; InformTimeConstraint
Welches Modul kann ich in einer kurzen halben Stunde absolvieren?; InformTimeConstraint
Ich habe begrenzte Zeit zur Verfügung, welche Lernmodule wären am effektivsten?; InformTimeConstraint
Ich muss in einer halben Stunde fertig sein, was empfehlen Sie?; InformTimeConstraint
Ich habe heute nicht viel Zeit, was sind meine Optionen?; InformTimeConstraint
Welche Lektion ist kurz genug, um in 30 Minuten abgeschlossen zu werden?; InformTimeConstraint
Ist es möglich, in nur 30 Minuten etwas zu lernen, und wenn ja, was empfehlen Sie?; InformTimeConstraint
Ich habe nicht viel Zeit heute, was empfiehlst du mir zu lernen?; InformTimeConstraint
Ich möchte in 30 Minuten so viel wie möglich lernen, welche Einheit empfiehlst du?; InformTimeConstraint
Kannst du mir eine schnelle Lektion empfehlen, die ich in 30 Minuten machen kann?; InformTimeConstraint
Welches Thema kann ich in 30 Minuten bewältigen?; InformTimeConstraint
Ich möchte das Beste aus meinen 30 Minuten Lernzeit herausholen, was ist empfehlenswert?; InformTimeConstraint
Welche Themen sind kurz genug für eine halbe Stunde Lernzeit?; InformTimeConstraint
Ich habe nur 30 Minuten Zeit zum Lernen, was ist das Beste, was ich tun kann?; InformTimeConstraint
Gibt es ein Modul, das ich in einer halben Stunde erledigen kann?; InformTimeConstraint
Welche Module/Einheiten/Themen sind kurz genug, um in nur 30 Minuten abgeschlossen zu werden?; InformTimeConstraint
Welche Themen sind in nur 30 Minuten erlernbar?; InformTimeConstraint
Könntest du bitte alle weiteren verfügbaren Ergebnisse anzeigen, die meiner vorherigen Suche entsprechen?; LoadMoreSearchResults
Gibt es noch mehr Resultate, die meiner Suche entsprechen?; LoadMoreSearchResults
Könntest du bitte alle weiteren verfügbaren Ergebnisse anzeigen?; LoadMoreSearchResults
Könntest du mir bitte weitere Ergebnisse anzeigen, die meiner Suche entsprechen?; LoadMoreSearchResults
Ich brauche noch weitere Informationen zu meinem Thema. Kannst du mir weitere Ergebnisse anzeigen?; LoadMoreSearchResults
Zeige mir weitere Ergebnisse.; LoadMoreSearchResults
Zeige mir bitte alle weiteren passenden Ergebnisse.; LoadMoreSearchResults
Kannst du mir bitte weitere relevante Ergebnisse zeigen?; LoadMoreSearchResults
Kannst du mir bitte noch mehr Informationen zu meinem Thema zeigen?; LoadMoreSearchResults
Gibt es noch weitere Suchergebnisse, die ich übersehen habe?; LoadMoreSearchResults
Kannst du mir bitte alle verfügbaren Ergebnisse anzeigen, die meiner Suche entsprechen?; LoadMoreSearchResults
Zeige mir bitte alle verfügbaren Ergebnisse, die meiner Suche entsprechen.; LoadMoreSearchResults
Ich benötige weitere Informationen, um meine Suche zu vervollständigen. Könntest du mir bitte weiterhelfen?; LoadMoreSearchResults
Könntest du mir bitte weitere Informationen zu diesem Thema zur Verfügung stellen?; LoadMoreSearchResults
Ich bin noch nicht zufrieden mit den Suchergebnissen. Könntest du mir weitere zeigen?; LoadMoreSearchResults
Ich brauche mehr Ergebnisse, um meine Recherche abzuschließen.; LoadMoreSearchResults
Kannst du mir bitte noch mehr relevante Suchergebnisse zeigen?; LoadMoreSearchResults
Ich benötige mehr Suchergebnisse, um meine Recherche abzuschließen.; LoadMoreSearchResults
Ich hätte gerne weitere relevante Suchergebnisse. Könntest du mir bitte helfen?; LoadMoreSearchResults
Gibt es noch andere Suchergebnisse, die ich übersehen habe? Könntest du sie mir bitte zeigen?; LoadMoreSearchResults
Ich möchte gerne alle weiteren passenden Ergebnisse angezeigt bekommen.; LoadMoreSearchResults
Ich möchte gerne weitere relevante Ergebnisse sehen.; LoadMoreSearchResults
Ich würde gerne meine Suche erweitern. Kannst du mir weitere Ergebnisse anzeigen?; LoadMoreSearchResults
Gibt es noch weitere relevante Informationen zu diesem Thema, die ich übersehen habe?; LoadMoreSearchResults
Ich bin noch nicht fündig geworden. Könntest du mir weitere relevante Ergebnisse zeigen?; LoadMoreSearchResults
Ich benötige weitere Informationen zu meinem Thema. Könntest du mir weitere Suchergebnisse anzeigen?; LoadMoreSearchResults
Könntest du mir bitte weitere relevante Suchergebnisse präsentieren?; LoadMoreSearchResults
Könntest du mir bitte noch weitere relevante Suchergebnisse anzeigen?; LoadMoreSearchResults
Gibt es noch weitere relevante Suchergebnisse, die ich übersehen habe? Könntest du sie mir bitte zeigen?; LoadMoreSearchResults
Ich brauche noch mehr Informationen zu meinem Thema.; LoadMoreSearchResults
Ich brauche weitere Informationen, um meine Recherche zu vervollständigen. Kannst du mir bitte helfen?; LoadMoreSearchResults
Könntest du bitte alle weiteren Ergebnisse zu diesem Thema anzeigen?; LoadMoreSearchResults
Gibt es noch mehr Resultate, die relevant für meine Suche sind?; LoadMoreSearchResults
Ich brauche noch mehr Ergebnisse zu meiner vorherigen Suche. Kannst du mir helfen?; LoadMoreSearchResults
Ich hätte gerne weitere Suchergebnisse, um meine Suche zu erweitern.; LoadMoreSearchResults
Kannst du mir weitere relevante Suchergebnisse anzeigen, die ich übersehen habe?; LoadMoreSearchResults
Kannst du mir bitte alle weiteren relevanten Suchergebnisse anzeigen?; LoadMoreSearchResults
Könntest du mir bitte weitere Informationen zu diesem Thema zur Verfügung stellen, die ich noch nicht gesehen habe?; LoadMoreSearchResults
Könntest du mir bitte weitere relevante Ergebnisse anzeigen?; LoadMoreSearchResults
Ich brauche mehr Informationen. Kannst du mir bitte weitere Ergebnisse zeigen?; LoadMoreSearchResults
Ich hätte gerne noch mehr Suchergebnisse zu diesem Thema. Kannst du mir weiterhelfen?; LoadMoreSearchResults
Kannst du mir noch weitere relevante Suchergebnisse zeigen?; LoadMoreSearchResults
Ich benötige mehr Informationen zu diesem Thema. Kannst du mir weitere Ergebnisse zeigen?; LoadMoreSearchResults
Ich brauche noch mehr Ergebnisse, um meine Suche zu vervollständigen.; LoadMoreSearchResults
Zeig mir bitte alle weiteren verfügbaren Ergebnisse.; LoadMoreSearchResults
Könntest du mir bitte zusätzliche Suchergebnisse zeigen?; LoadMoreSearchResults
Könntest du mir bitte mehr Suchergebnisse präsentieren?; LoadMoreSearchResults
Ich benötige noch mehr Ergebnisse, um meine Suche abzuschließen.; LoadMoreSearchResults
Zeige mir bitte noch mehr Suchergebnisse, die meiner vorherigen Suche entsprechen.; LoadMoreSearchResults
Könntest du mir bitte alle weiteren verfügbaren Ergebnisse anzeigen?; LoadMoreSearchResults
Gibt es noch andere relevante Suchergebnisse, die ich übersehen habe?; LoadMoreSearchResults
Gibt es noch andere passende Suchergebnisse, die ich übersehen habe?; LoadMoreSearchResults
Ich brauche weitere Resultate, um meine Suche zu vervollständigen.; LoadMoreSearchResults
Kannst du mir bitte alle weiteren verfügbaren Suchergebnisse präsentieren?; LoadMoreSearchResults
Zeig mir bitte alle Resultate, die meiner Suche entsprechen.; LoadMoreSearchResults
Zeige mir bitte alle weiteren Resultate, die meiner Suche entsprechen.; LoadMoreSearchResults
Könntest du mir bitte alle weiteren relevanten Ergebnisse zeigen, die zu meiner Suche passen?; LoadMoreSearchResults
Ich würde gerne meine Suche erweitern. Könntest du mir weitere relevante Informationen anzeigen?; LoadMoreSearchResults
Zeig mir bitte alle verfügbaren Resultate, die meiner Suche entsprechen.; LoadMoreSearchResults
Gibt es noch weitere relevante Resultate, die du mir präsentieren kannst?; LoadMoreSearchResults
Nein, das ist nicht akkurat.; No
Nein, das ist nicht der Fall.; No
Das ist nicht angebracht.; No
Das ist nicht das, was ich meine.; No
Das ist nicht meine Erfahrung.; No
Das ist nicht gebilligt.; No
Das ist nicht meine Meinung.; No
Das ist nicht gestattet.; No
Das ist nicht akzeptiert.; No
Nein; No
Das stimmt nicht überein.; No
Das ist nicht das, was ich gehört habe.; No
Das ist nicht wahr.; No
Das ist nicht die richtige Antwort.; No
Das ist nicht das, was ich verstehe.; No
Das ist nicht erforderlich.; No
Nicht richtig.; No
Das kann ich nicht erlauben.; No
Das ist nicht der Status quo.; No
Das ist nicht erwünscht.; No
Das ist nicht der richtige Weg.; No
Nein, das ist nicht die Lösung.; No
Das ist nicht der Stand der Dinge.; No
Das ist nicht passend.; No
Das ist nicht akzeptabel.; No
Nicht akzeptabel.; No
Das ist nicht angebracht.; No
Das ist nicht das Ergebnis, das ich erwartet habe.; No
Das ist nicht zutreffend.; No
Das ist nicht erlaubt.; No
Das ist nicht die Realität.; No
Das ist nicht angemessen.; No
Falsch.; No
Das ist nicht das, was ich denke.; No
Das ist nicht die Tatsache.; No
Das ist nicht notwendig.; No
Nein, das stimmt nicht überein.; No
Das ist nicht korrekt.; No
Das kann ich nicht bestätigen.; No
Das ist nicht angemessen.; No
Nicht korrekt.; No
Kein Interesse.; No
Auf keinen Fall.; No
Leider muss ich widersprechen.; No
Das ist falsch.; No
Definitiv nicht.; No
Nein, das ist nicht richtig.; No
Das ist nicht genehmigt.; No
Das stimmt nicht.; No
Leider nicht.; No
Das ist nicht der Fall.; No
Das ist nicht genehmigt.; No
Leider nein.; No
Das ist nicht die Wahrheit.; No
Ich fürchte nein.; No
Das ist nicht wahrheitsgemäß.; No
Nicht wahr.; No
Nein, das ist nicht korrekt.; No
Nö.; No
Nicht möglich.; No
Kein bisschen.; No
Das ist nicht zutreffend.; No
Absolut nicht.; No
Das ist nicht geeignet.; No
Welche anderen Themen sind noch relevant?; RequestAlternativeNextModule
Gibt es noch andere Themen, die für mich relevant sind?; RequestAlternativeNextModule
Was sind meine Alternativen für das nächste Modul?; RequestAlternativeNextModule
Welche anderen Themen/Einheiten gibt es noch?; RequestAlternativeNextModule
Welche weiteren Möglichkeiten stehen mir zur Verfügung, um mein Wissen zu erweitern?; RequestAlternativeNextModule
Was kann ich als nächstes lernen?; RequestAlternativeNextModule
Welche Lernmodule empfiehlst du mir als nächstes?; RequestAlternativeNextModule
Kannst du mir helfen, das nächste Kapitel auszuwählen?; RequestAlternativeNextModule
Was sind meine Alternativen, um meine Kenntnisse zu erweitern?; RequestAlternativeNextModule
Was gibt es noch, um meinen Wissensstand zu erweitern?; RequestAlternativeNextModule
Gibt es noch andere Module, die ich absolvieren kann?; RequestAlternativeNextModule
Was kann ich noch tun, um meine Fähigkeiten zu verbessern?; RequestAlternativeNextModule
Was ist das nächste Modul, das ich bearbeiten kann?; RequestAlternativeNextModule
Was gibt es noch, um mein Wissen zu erweitern?; RequestAlternativeNextModule
Was sind meine alternativen Lernmöglichkeiten?; RequestAlternativeNextModule
Kannst du mir andere Lerninhalte empfehlen?; RequestAlternativeNextModule
Was ist das nächste Lernziel?; RequestAlternativeNextModule
Was sind meine Optionen, um mehr zu erfahren?; RequestAlternativeNextModule
Was gibt es noch, was ich lernen kann?; RequestAlternativeNextModule
Was kann ich tun, um mein Wissen zu erweitern?; RequestAlternativeNextModule
Welche anderen Themen stehen zur Verfügung?; RequestAlternativeNextModule
Welche weiteren Lernoptionen gibt es, um meine Fähigkeiten zu erweitern?; RequestAlternativeNextModule
Was gibt es noch, was ich erforschen kann?; RequestAlternativeNextModule
Was ist der nächste Schritt auf meiner Lernreise?; RequestAlternativeNextModule
Welche anderen Themen können mir helfen, meine Ziele zu erreichen?; RequestAlternativeNextModule
Was kann ich noch tun, um meine Kompetenzen zu verbessern?; RequestAlternativeNextModule
Welche anderen Themen sind noch relevant für meine Ausbildung?; RequestAlternativeNextModule
Gibt es andere Lernmodule, die ich angehen kann?; RequestAlternativeNextModule
Welche anderen Module stehen zur Verfügung?; RequestAlternativeNextModule
Was ist das nächste Kapitel, das ich durchgehen sollte?; RequestAlternativeNextModule
Welche weiteren Themen stehen zur Verfügung?; RequestAlternativeNextModule
Welche weiteren Themen und Module sind für mich relevant?; RequestAlternativeNextModule
Welche anderen Themenbereiche gibt es?; RequestAlternativeNextModule
Was sind meine nächsten Lernschritte?; RequestAlternativeNextModule
Kannst du mir weitere Lerninhalte zur Verfügung stellen?; RequestAlternativeNextModule
Was sind meine weiteren Lernmöglichkeiten?; RequestAlternativeNextModule
Wo kann ich weitere Lektionen finden?; RequestAlternativeNextModule
Gibt es noch weitere Lerneinheiten?; RequestAlternativeNextModule
Was ist das nächste Thema?; RequestAlternativeNextModule
Was kann ich noch lernen?; RequestAlternativeNextModule
Was gibt es noch zu lernen, um mein Wissen zu erweitern?; RequestAlternativeNextModule
Was sind meine Möglichkeiten, um weiterzulernen?; RequestAlternativeNextModule
Was ist die nächste Lerneinheit?; RequestAlternativeNextModule
Was kann ich tun, um meine Kenntnisse zu vertiefen?; RequestAlternativeNextModule
Was ist der nächste Bereich, den ich erforschen kann?; RequestAlternativeNextModule
Was kann ich sonst noch machen?; RequestAlternativeNextModule
Welche Themen sind noch offen?; RequestAlternativeNextModule
Was sind meine nächsten Möglichkeiten für das Lernen?; RequestAlternativeNextModule
Welche Optionen habe ich für mein Lernprogramm?; RequestAlternativeNextModule
Welche weiteren Lerninhalte sind für mich verfügbar?; RequestAlternativeNextModule
Welche Inhalte stehen mir noch zur Verfügung?; RequestAlternativeNextModule
Was ist der nächste Schritt auf meiner Lernreise?; RequestAlternativeNextModule
Kannst du mir weitere Lernquellen empfehlen?; RequestAlternativeNextModule
Was sind meine nächsten Schritte auf meinem Lernweg?; RequestAlternativeNextModule
Was sind meine Optionen für die nächste Lernphase?; RequestAlternativeNextModule
Was sind meine Optionen für weitere Lerninhalte?; RequestAlternativeNextModule
Welche anderen Themen sind in meinem Lernprogramm enthalten?; RequestAlternativeNextModule
Kann ich weitere Lernmöglichkeiten nutzen?; RequestAlternativeNextModule
Was kann ich noch tun, um meine Kenntnisse zu erweitern?; RequestAlternativeNextModule
Was sind die anderen verfügbaren Lernressourcen?; RequestAlternativeNextModule
Was sind meine Optionen für die nächste Lektion?; RequestAlternativeNextModule
Welche anderen Themenbereiche kann ich erkunden?; RequestAlternativeNextModule
Welche anderen Kapitel kann ich studieren?; RequestAlternativeNextModule
Was kann ich sonst noch lernen, um meine Fähigkeiten zu verbessern?; RequestAlternativeNextModule
Was sind meine weiteren Lernoptionen?; RequestAlternativeNextModule
Gibt es einen Test, den ich machen kann, um mich auf dieses Thema vorzubereiten?; RequestTest
Kann ich einen Test absolvieren, um meine Kenntnisse in diesem Bereich zu überprüfen?; RequestTest
Wäre es angebracht, einen Test zu diesem Thema zu machen, um meine Vorbereitung zu überwachen?; RequestTest
Kann ich einen Test durchführen, um mein Verständnis für dieses Thema zu überprüfen?; RequestTest
Wäre es sinnvoll, einen Test zu diesem Thema zu machen, um meine Vorbereitung zu überprüfen?; RequestTest
Kann ich einen Test absolvieren, um meine Leistung in diesem Thema zu überprüfen?; RequestTest
Kann ich einen Test machen, um meine Fähigkeiten in diesem Bereich zu testen?; RequestTest
Wäre es hilfreich, einen Test zu diesem Thema zu machen, um meine Vorbereitung zu verifizieren?; RequestTest
Kann ich einen Test durchlaufen, um meine Fähigkeiten in Bezug auf dieses Thema zu überprüfen?; RequestTest
Wäre es möglich, einen Test zu diesem Thema zu absolvieren, um meine Vorbereitung zu verbessern?; RequestTest
Gibt es eine Möglichkeit, mein Wissen durch einen Test oder eine Prüfung zu überprüfen?; RequestTest
Würde es mir helfen, einen Test in diesem Bereich zu machen?; RequestTest
Kann ich einen Test durchführen, um mein Wissen in Bezug auf dieses Thema zu überprüfen?; RequestTest
Kann ich einen Test oder eine Prüfung zu diesem Thema machen?; RequestTest
Kann ich einen Test absolvieren, um zu sehen, wie viel ich in diesem Thema gelernt habe?; RequestTest
Gibt es einen Test, den ich machen kann, um mein Wissen zu überprüfen?; RequestTest
Könnte ich einen Test machen, um meine Fähigkeiten auf diesem Gebiet zu testen?; RequestTest
Gibt es eine Möglichkeit, meine Kenntnisse in diesem Thema durch einen Test oder eine Prüfung zu bewerten?; RequestTest
Kann ich einen Test machen, um zu sehen, wie gut ich in diesem Thema bin?  ; RequestTest
Kann ich einen Test machen, um zu sehen, wie weit ich in diesem Thema gekommen bin?; RequestTest
Ich würde gerne meine Fähigkeiten in diesem Thema durch einen Test verbessern, geht das?; RequestTest
Kann ich einen Test durchlaufen, um meine Kompetenz in diesem Thema zu überprüfen?; RequestTest
Wäre es ratsam, einen Test zu diesem Thema zu machen, um meine Vorbereitung zu überdenken?; RequestTest
Kann ich einen Test absolvieren, um meine Kenntnisse zu diesem Thema zu überprüfen?; RequestTest
Könnte ich einen Test machen, um zu sehen, wie gut ich in diesem Thema bin?; RequestTest
Kann ich einen Test absolvieren, um meine Fähigkeiten in Bezug auf dieses Thema zu überprüfen?; RequestTest
Kann ich einen Test absolvieren, um meine Leistung in Bezug auf dieses Thema zu überprüfen?#; RequestTest
Wäre es hilfreich, einen Test zu diesem Thema zu machen, um meine Vorbereitung zu evaluieren?; RequestTest
Wäre es angebracht, einen Test zu diesem Thema zu machen, um meine Vorbereitung zu kontrollieren?; RequestTest
Kann ich einen Test machen, um meine Kenntnisse in diesem Thema zu überprüfen?; RequestTest
Könnte ich einen Test absolvieren, um meine Fortschritte in diesem Thema zu messen?; RequestTest
Kann ich einen Test absolvieren, um meine Fortschritte in Bezug auf dieses Thema zu überprüfen?; RequestTest
Ich möchte mich auf eine Prüfung vorbereiten, gibt es einen Test, den ich machen kann?; RequestTest
Wäre es sinnvoll, einen Test zu diesem Thema zu machen, um meine Vorbereitung zu validieren?; RequestTest
Könnte ich einen Test machen, um meine Schwächen in diesem Thema zu identifizieren?; RequestTest
Könnte ich einen Test in Bezug auf dieses Thema absolvieren, um mich vorzubereiten?; RequestTest
Ich möchte mein Verständnis für das Thema überprüfen, kann ich einen Test machen?; RequestTest
Kann ich einen Test durchlaufen, um meine Kenntnisse in Bezug auf dieses Thema zu überprüfen?; RequestTest
Kannst du mir einen Test empfehlen, um mein Verständnis für das Thema zu verbessern?; RequestTest
Gibt es einen Test, den ich absolvieren kann, um mein Wissen zu bewerten?; RequestTest
Wäre es sinnvoll, einen Test zu machen, bevor ich mit dem nächsten Modul beginne?; RequestTest
Kann ich einen Test machen, um meine Fähigkeiten in diesem Thema zu verbessern?; RequestTest
Kann ich einen Test durchführen, um mich auf dieses Thema vorzubereiten?; RequestTest
Ist es möglich, einen Test zu diesem Thema zu machen, um mich vorzubereiten?; RequestTest
Ist es sinnvoll, einen Test zu diesem Thema zu machen?; RequestTest
Wäre es empfehlenswert, einen Test zu diesem Thema zu machen, um meine Vorbereitung zu bewerten?; RequestTest
Ich würde gerne wissen, wie gut ich in diesem Thema bin, kann ich einen Test machen?; RequestTest
Ist es erlaubt, einen Test zu diesem Thema zu machen, um meine Vorbereitung zu steigern?; RequestTest
Ist es möglich, einen Test zu diesem Thema durchzuführen?; RequestTest
Kann ich einen Test absolvieren, um mich auf dieses Thema vorzubereiten?; RequestTest
Wäre es machbar, einen Test zu diesem Thema zu machen, um meine Vorbereitung zu optimieren?; RequestTest
Wo kann ich Datensätze finden, die für Regression verwendet werden können?; SearchForContent
Wo finde ich Informationen darüber, wie man kategoriale Variablen in der Regression modelliert?; SearchForContent
Wo finde ich Online-Übungen für die Regression?; SearchForContent
Wo finde ich Artikel über Regression?; SearchForContent
Wie modelliert man Interaktionen in der Regression?; SearchForContent
Welche Bibliotheken oder Tools eignen sich am besten für Regression?; SearchForContent
Wo finde ich Informationen darüber, wie man heteroskedastizität in der Regression behandelt?; SearchForContent
Wo finde ich Infos zu Regression?; SearchForContent
Wo kann ich erfahren, wie man Regression in Python, R oder einer anderen Programmiersprache implementiert?; SearchForContent
Wie verbessert man die Robustheit von Regressionsmodellen?; SearchForContent
Wie führt man nicht-lineare Regression durch?; SearchForContent
Wo finde ich Online-Übungen zur Regression?; SearchForContent
Wo finde ich Informationen zur Interpretation von Regressionsergebnissen?; SearchForContent
Wie modelliert man kategoriale Variablen in der Regression?; SearchForContent
Wo kann ich spezifische Anwendungen von Regression finden?; SearchForContent
Wo kann ich erfahren, wie man die Multikollinearität in der Regression behandelt?; SearchForContent
Wo kann ich mehr über Regression erfahren?; SearchForContent
Welche Informationsquellen gibt es zur Regression?; SearchForContent
Wo kann ich mehr über Regression lernen?; SearchForContent
Wo kann ich Regression in der Statistik lernen?; SearchForContent
Wo kann ich erfahren, wie man nicht-lineare Regression durchführt?; SearchForContent
Wie geht man mit Ausreißern in der Regression um?; SearchForContent
Wo kann ich mit Experten über Regression sprechen?; SearchForContent
Wo kann ich erfahren, wie man die Robustheit von Regressionsmodellen verbessert?; SearchForContent
Welche Ressourcen stehen mir zur Verfügung, um Informationen über Regression zu finden?; SearchForContent
Wie geht man mit Ridge- und Lasso-Regression um?; SearchForContent
Wo kann ich Grundlagen von Regression finden?; SearchForContent
Gibt es kostenlose Online-Kurse oder Zertifikate in Regression?; SearchForContent
Wo finde ich Informationen darüber, wie man Interaktionen in der Regression modelliert?; SearchForContent
Welche Online-Communities beschäftigen sich mit Regression?; SearchForContent
Wo kann ich erfahren, wie man Regression in Python, R oder einer anderen Programmiersprache implementiert?; SearchForContent
Wo kann ich verschiedene Arten von Regressionsmodellen vergleichen?; SearchForContent
Wie geht man mit Heteroskedastizität in der Regression um?; SearchForContent
Wo kann ich eine Liste von Regressionsmodellen finden?; SearchForContent
Wo finde ich Informationen darüber, wie man die Residuenanalyse in der Regression durchführt?; SearchForContent
Wie bestimmt man die Stichprobengröße in der Regression?; SearchForContent
Wo kann ich Bücher über Regression finden?; SearchForContent
Wo finde ich Bücher oder Artikel über Regression?; SearchForContent
Wo finde ich Informationen über die Assumptionsprüfung in der Regression?; SearchForContent
Wie geht man mit Zeitreihendaten in der Regression um?; SearchForContent
Wo kann ich Tutorials zu Regression finden?; SearchForContent
Wo finde ich Informationen darüber, wie man die Leistung von Regressionsmodellen bewertet?; SearchForContent
Gibt es kostenlose Online-Kurse oder Zertifikate für Regression?; SearchForContent
Wo kann ich erfahren, wie man die Kreuzvalidierung in der Regression durchführt?; SearchForContent
Welche öffentlich zugänglichen Forschungsarbeiten beschäftigen sich mit Regression?; SearchForContent
Wo kann ich Kurse oder Tutorials über Regression finden?; SearchForContent
Wo finde ich öffentlich zugängliche Forschungsarbeiten über Regression?; SearchForContent
Wie führt man die Kreuzvalidierung in der Regression durch?; SearchForContent
Welche Annahmen gibt es in der Regression und wie werden sie getestet?; SearchForContent
Wo kann ich erfahren, wie man nicht-parametrische Regression durchführt?; SearchForContent
Wo kann ich verschiedene Arten von Regression vergleichen?; SearchForContent
Welche Online-Communities oder Foren diskutieren Regression?; SearchForContent
Welche Anwendungen von Regression gibt es?; SearchForContent
Wie bewertet man die Leistung von Regressionsmodellen?; SearchForContent
Wo kann ich Daten finden, um Regression zu üben?; SearchForContent
Wie geht man mit Multikollinearität in der Regression um?; SearchForContent
Wo kann ich eine Liste von Regressionstypen finden?; SearchForContent
Wo kann ich erfahren, wie man die Ensemble-Regression durchführt?; SearchForContent
Wo kann ich Regression in der Statistik lernen?; SearchForContent
Wo kann ich Beispiele für Regression in der Praxis finden?; SearchForContent
Wo kann ich erfahren, wie man Ausreißer in der Regression behandelt?; SearchForContent
Wo kann ich eine Einführung in Regression finden?; SearchForContent
Wo finde ich die Grundlagen von Regression?; SearchForContent
Wo finde ich Videos oder Webinare, die Regression erklären?; SearchForContent
Was ist die Bedeutung von Regression in der Datenanalyse?; SearchForDefinition
Wie kann Regression bei der Entscheidungsfindung helfen?; SearchForDefinition
Könntest du mir erklären, was Regression bedeutet?; SearchForDefinition
Wie kann ich mit Regression eine Prognose für zukünftige Daten erstellen?; SearchForDefinition
Was sind die Vor- und Nachteile von Regression als Analysewerkzeug?; SearchForDefinition
Wie kann ich eine Regression in SPSS durchführen?; SearchForDefinition
Wie kann ich die Genauigkeit von Regressionsergebnissen verbessern?; SearchForDefinition
Wie wird die Regression in der Wissenschaft und Forschung eingesetzt?; SearchForDefinition
Wie kann ich eine Regression in R durchführen?; SearchForDefinition
Was ist die Rolle der Regression in der Machine Learning?; SearchForDefinition
Ich verstehe den Begriff Regression nicht. Kannst du ihn erklären?; SearchForDefinition
Was ist die Definition von Regression?; SearchForDefinition
Was ist mit Regression gemeint?; SearchForDefinition
Wie kann ich die Ergebnisse der Regression interpretieren?; SearchForDefinition
Was ist der Unterschied zwischen Regression und anderen statistischen Methoden?; SearchForDefinition
Wie ist die Regression mit Korrelation verwandt?; SearchForDefinition
Wie kann ich die Genauigkeit meiner Regression verbessern?; SearchForDefinition
Wie kann ich sicherstellen, dass meine Regressionsergebnisse reproduzierbar sind?; SearchForDefinition
Wo kann ich eine einfache Erklärung für den Begriff Regression finden?; SearchForDefinition
Was bezeichnet man als Regression und wie wird sie in der Wissenschaft angewendet?; SearchForDefinition
Was sind die wichtigsten Annahmen der Regression?; SearchForDefinition
Wie können die Ergebnisse der Regression genutzt werden, um Entscheidungen zu treffen?; SearchForDefinition
Wie kann ich die robustheit meiner Regressionsergebnisse sicherstellen?; SearchForDefinition
Wie kann ich feststellen, ob Regression für meine Daten geeignet ist?; SearchForDefinition
Was ist das Ziel von Regression und wie hilft es, Beziehungen zwischen Variablen zu verstehen?; SearchForDefinition
Was ist die Bedeutung von Residuen in der Regression?; SearchForDefinition
Was ist der Zweck der Regression in der Statistik?; SearchForDefinition
Wie kann ich überprüfen, ob meine Regressionsergebnisse zuverlässig sind?; SearchForDefinition
Wie kann Regression bei der Vorhersage von Trends und Entwicklungen helfen?; SearchForDefinition
Wie wird Regression in der Medizin und Biologie eingesetzt?; SearchForDefinition
Kannst du mir eine präzise Erklärung geben, was mit Regression gemeint ist?; SearchForDefinition
Wie wird Regression in der Wirtschaftswissenschaft und Finanzanalyse verwendet?; SearchForDefinition
Wie kann ich mich auf eine Regression vorbereiten?; SearchForDefinition
Wo kann ich mehr über die Regression erfahren?; SearchForDefinition
Was sind die verschiedenen Arten von Regression und wie werden sie in der Statistik eingesetzt?; SearchForDefinition
Wie kann ich die Gültigkeit von Regressionsergebnissen überprüfen?; SearchForDefinition
Wie funktioniert die Regressionsanalyse in der maschinellen Lernforschung?; SearchForDefinition
Wie kann ich sicherstellen, dass meine Regressionsergebnisse aussagekräftig sind?; SearchForDefinition
Was sind die typischen Fehlerquellen bei der Durchführung einer Regression?; SearchForDefinition
Was sind die häufigsten Fehler bei der Durchführung von Regression?; SearchForDefinition
Was sind die Grenzen der Regression in der Praxis?; SearchForDefinition
Wie kann ich die Nichtlinearität in der Regression behandeln?; SearchForDefinition
Was sind die Anwendungen der Regression in der Wirtschaft?; SearchForDefinition
Was ist die Bedeutung von Regression und wie kann es mir helfen, meine Daten zu analysieren?; SearchForDefinition
Könntest du mir eine einfache Erklärung von Regression geben?; SearchForDefinition
Was ist die Vorhersageintervall bei der Regression?; SearchForDefinition
Kannst du mir eine kurze Beschreibung von Regression geben?; SearchForDefinition
Kannst du mir eine Definition von Regression geben und wie es in der Datenanalyse eingesetzt wird?; SearchForDefinition
Was sind die wichtigsten Schritte bei der Durchführung einer Regression?; SearchForDefinition
Wie kann ich eine Regression in Excel durchführen?; SearchForDefinition
Was ist Regression und wie wird es in der Statistik verwendet?; SearchForDefinition
Wie kann ich Regression nutzen, um meine Daten effektiv zu analysieren?; SearchForDefinition
Wie kann ich die Effektstärke in der Regression bewerten?; SearchForDefinition
Kannst du mir sagen, wie Regression in der Praxis angewendet wird?; SearchForDefinition
Könntest du mir erklären, was der Begriff Regression in der Mathematik bedeutet?; SearchForDefinition
Was sind die wichtigsten statistischen Modelle, die auf Regression basieren?; SearchForDefinition
Was sind einige häufige Mythen über Regression?; SearchForDefinition
Was ist das Konfidenzintervall bei der Regression?; SearchForDefinition
Was ist das Ziel der Regression und wie wird es erreicht?; SearchForDefinition
Wie kann ich die Qualität meiner Regressionsergebnisse bewerten?; SearchForDefinition
Was sind die neuesten Entwicklungen in der Regressionstechnologie?; SearchForDefinition
Wie kann ich outliers in der Regression behandeln?; SearchForDefinition
Wie werden die Ergebnisse einer Regression interpretiert?; SearchForDefinition
Was sind die wichtigsten Schritte bei der Durchführung einer Regression?; SearchForDefinition
Wo liegen noch meine Schwächen?; SuggestImprovement
In welchen Bereichen bin ich noch nicht so stark?; SuggestImprovement
Wo habe ich noch Lücken in meinem Wissen?; SuggestImprovement
Wo gibt es noch Nachholbedarf für mich?; SuggestImprovement
Welche Themen sollte ich noch vertiefen?; SuggestImprovement
In welchen Einheiten sollte ich noch stärker werden?; SuggestImprovement
Wo habe ich noch Herausforderungen?; SuggestImprovement
Wo kann ich meine Fähigkeiten noch ausbauen?; SuggestImprovement
Wo kann ich noch mehr lernen?; SuggestImprovement
Gibt es noch Bereiche, in denen ich mich unsicher fühle?; SuggestImprovement
Welche Themenbereiche sollte ich noch angehen?; SuggestImprovement
Welche Themen erfordern noch mehr Aufmerksamkeit von mir?; SuggestImprovement
In welchen Bereichen sollte ich noch weiterhin arbeiten?; SuggestImprovement
In welchen Themenbereichen sollte ich noch Fortschritte machen?; SuggestImprovement
Wo sollte ich noch mehr Zeit investieren?; SuggestImprovement
Wo muss ich mich noch verbessern?; SuggestImprovement
In welchen Bereichen brauche ich noch mehr Unterstützung?; SuggestImprovement
In welchen Einheiten brauche ich noch mehr Übung?; SuggestImprovement
Wo kann ich meine Fähigkeiten noch ausbauen?; SuggestImprovement
Auf welchen Gebieten benötige ich noch mehr Übung?; SuggestImprovement
In welchen Einheiten kann ich noch dazulernen?; SuggestImprovement
Wo benötige ich noch Unterstützung?; SuggestImprovement
Wo kann ich noch Lücken in meinem Verständnis schließen?; SuggestImprovement
Wo sollte ich meine Bemühungen verstärken?; SuggestImprovement
Welche Themen sind für mich noch herausfordernd?; SuggestImprovement
Wo kann ich noch mehr Kenntnisse erlangen?; SuggestImprovement
Gibt es noch Herausforderungen, auf die ich vorbereitet werden muss?; SuggestImprovement
Wo sollte ich noch weiter lernen?; SuggestImprovement
Welche Bereiche sollten noch mehr beachtet werden?; SuggestImprovement
Wo kann ich meine Kenntnisse noch erweitern?; SuggestImprovement
Welche Bereiche benötigen noch meine Aufmerksamkeit?; SuggestImprovement
Wo muss ich noch mehr Zeit investieren?; SuggestImprovement
Wo gibt es noch Potenzial für Verbesserungen?; SuggestImprovement
Wo kann ich noch bessere Ergebnisse erzielen?; SuggestImprovement
Gibt es noch bestimmte Themen, in denen ich besser werden könnte?; SuggestImprovement
Welche Fähigkeiten sollten noch trainiert werden?; SuggestImprovement
Welche Themen sollten noch behandelt werden?; SuggestImprovement
Wo muss ich meine Fähigkeiten noch verbessern, um erfolgreich zu sein?; SuggestImprovement
Wo gibt es noch Verbesserungspotenzial für mich?; SuggestImprovement
Welche Bereiche sollte ich noch weiter ausbauen?; SuggestImprovement
Wo kann ich noch Wissen aufbauen?; SuggestImprovement
Welche Fähigkeiten sollten noch trainiert werden, um meine Kompetenzen zu erweitern?; SuggestImprovement
Wo sehe ich noch Verbesserungspotenzial?; SuggestImprovement
Welche Bereiche sollten noch vertieft werden?; SuggestImprovement
Wo kann ich meine Fertigkeiten noch verbessern?; SuggestImprovement
Welche Themen sollte ich noch intensiver behandeln?; SuggestImprovement
Wo habe ich noch Entwicklungspotential?; SuggestImprovement
Wo sollte ich meine Kenntnisse noch verbessern?; SuggestImprovement
Wo liegen meine Schwächen und wo kann ich mich noch verbessern?; SuggestImprovement
Welche Themen sind für mich noch neu?; SuggestImprovement
In welchen Bereichen kann ich noch dazulernen?; SuggestImprovement
Wo kann ich noch Potenzial ausschöpfen?; SuggestImprovement
Wo habe ich noch Lücken in meinem Wissen?; SuggestImprovement
Gibt es bestimmte Module, die ich noch einmal durchgehen sollte?; SuggestImprovement
Wo kann ich noch dazulernen?; SuggestImprovement
Wo habe ich noch Defizite?; SuggestImprovement
In welchen Bereichen sollte ich mich noch weiterbilden?; SuggestImprovement
In welchen Bereichen fehlt mir noch Wissen?; SuggestImprovement
Welche Themen sollten noch vertieft werden?; SuggestImprovement
In welchen Bereichen benötige ich noch Übung?; SuggestImprovement
Wo habe ich noch Schwierigkeiten?; SuggestImprovement
Wo kann ich meine Fähigkeiten noch stärker ausbauen?; SuggestImprovement
Wo gibt es noch Lücken in meinem Wissen?; SuggestImprovement
Wo fehlt mir noch Wissen?; SuggestImprovement
In welchen Bereichen habe ich Schwierigkeiten und sollte diese nochmal üben?; SuggestRepetition
Welche Themen sollten noch einmal wiederholt werden, um meine Fähigkeiten zu verbessern?; SuggestRepetition
Welche Lektionen sollten nochmal durchgegangen werden, um meine Kenntnisse zu festigen?; SuggestRepetition
Was ist das nächste, was ich noch einmal wiederholen sollte?; SuggestRepetition
Welche Bereiche sind noch schwierig für mich und sollten nochmal geübt werden?; SuggestRepetition
Welche Themen sollten noch einmal geübt werden, um meine Kenntnisse zu verbessern?; SuggestRepetition
Welches Kapitel sollte ich noch einmal ansehen?; SuggestRepetition
Welches Thema braucht noch einmal Aufmerksamkeit?; SuggestRepetition
Welche Lerninhalte brauchen noch einmal Wiederholung?; SuggestRepetition
Wo kann ich die Themen finden, die ich bereits behandelt habe?; SuggestRepetition
Welches Thema sollte ich noch einmal angehen?; SuggestRepetition
Wo kann ich die Einheiten finden, die ich bereits bearbeitet habe?; SuggestRepetition
Kann ich noch einmal durch eine bestimmte Lektion gehen?; SuggestRepetition
In welchen Bereichen sollte ich meine Fähigkeiten nochmal verbessern?; SuggestRepetition
Welche Einheiten sollten noch einmal wiederholt werden?; SuggestRepetition
Gibt es Einheiten, die ich wiederholen sollte?; SuggestRepetition
Gibt es Module, die ich nochmal durchgehen sollte, um meine Kenntnisse zu festigen?; SuggestRepetition
Wo finde ich die Themen, die ich bereits behandelt habe?; SuggestRepetition
Welche Lektionen sollte ich noch einmal ansehen?; SuggestRepetition
Welches Thema sollte ich mir noch einmal ansehen?; SuggestRepetition
In welchem Bereich kann ich noch einmal üben?; SuggestRepetition
Gibt es Einheiten, die ich bereits bearbeitet habe, aber noch nicht vollständig verstanden habe?; SuggestRepetition
Welches Thema sollte ich noch einmal betrachten?; SuggestRepetition
Wo finde ich die Module, die ich bereits abgeschlossen habe?; SuggestRepetition
Was ist das nächste Modul, das ich wiederholen kann?; SuggestRepetition
Welche Themen sollte ich noch einmal üben?; SuggestRepetition
Welche Module kann ich noch einmal durchgehen?; SuggestRepetition
Wo finde ich die Einheiten, die ich bereits abgeschlossen habe?; SuggestRepetition
Kann ich mich noch einmal in ein Thema vertiefen?; SuggestRepetition
Welches Modul könnte ich noch einmal durcharbeiten?; SuggestRepetition
Gibt es Einheiten, die ich noch nicht verstanden habe und noch einmal durchgehen sollte?; SuggestRepetition
In welchen Bereichen sollte ich meine Kenntnisse nochmal auffrischen?; SuggestRepetition
Kann ich die Inhalte eines bestimmten Moduls erneut durchgehen?; SuggestRepetition
Welche Module sollten noch einmal bearbeitet werden?; SuggestRepetition
Welches Modul kann ich noch einmal durchgehen, um mich zu verbessern?; SuggestRepetition
In welchem Bereich sollte ich noch einmal meine Fähigkeiten verbessern?; SuggestRepetition
Kann ich noch einmal eine bestimmte Einheit üben?; SuggestRepetition
Wo kann ich die Inhalte eines bestimmten Moduls erneut durchgehen?; SuggestRepetition
Was kann ich noch einmal wiederholen?; SuggestRepetition
Welche Einheiten waren für mich besonders schwer und sollten erneut durchgegangen werden?; SuggestRepetition
Welche Bereiche benötigen noch einmal Aufmerksamkeit?; SuggestRepetition
Welche Lektionen waren für mich besonders schwer und sollten nochmal durchgegangen werden?; SuggestRepetition
Kann ich die Einheiten, die ich bereits bearbeitet habe, noch einmal durchgehen?; SuggestRepetition
Was ist das nächste Thema, das ich noch einmal betrachten sollte?; SuggestRepetition
Welche Lektionen sollten noch einmal durchgegangen werden?; SuggestRepetition
Was sind die Module, die ich noch einmal durchgehen sollte, um meine Fähigkeiten zu verbessern?; SuggestRepetition
In welchen Bereichen sollte ich nochmal üben, um mich zu verbessern?; SuggestRepetition
Kann ich die Inhalte eines bestimmten Moduls noch einmal durchgehen?; SuggestRepetition
In welchen Bereichen benötige ich noch Übung, um meine Fähigkeiten zu verbessern?; SuggestRepetition
Kann ich noch einmal durch eine bestimmte Einheit gehen, um meine Fähigkeiten zu verbessern?; SuggestRepetition
Wo kann ich die Lektionen erneut anschauen?; SuggestRepetition
Welche Themen benötigen noch einmal Aufmerksamkeit?; SuggestRepetition
In welchen Bereichen benötige ich nochmal Unterstützung und Übung?; SuggestRepetition
In welchen Bereichen benötige ich nochmal Übung?; SuggestRepetition
Welche Themen sollte ich nochmal durchgehen, um meine Fähigkeiten zu verbessern?; SuggestRepetition
Gibt es Module, die ich noch nicht vollständig verstanden habe und wiederholen sollte?; SuggestRepetition
Welche Lektionen sollten noch einmal betrachtet werden?; SuggestRepetition
Kann ich noch einmal durch einen bestimmten Abschnitt gehen?; SuggestRepetition
Welche Lerninhalte können noch einmal durchgegangen werden?; SuggestRepetition
Was sind die Lernmodule, die ich wiederholen kann?; SuggestRepetition
Welche Einheiten müssen noch einmal betrachtet werden?; SuggestRepetition
Gibt es Module, die ich bereits abgeschlossen habe, aber noch einmal durchgehen sollte?; SuggestRepetition
Welche Themen sollte ich nochmal bearbeiten, um meine Kenntnisse zu festigen?; SuggestRepetition
Was sind die Bereiche, in denen ich noch Übung brauche?; SuggestRepetition
Was sind meine Optionen zum Wiederholen?; SuggestRepetition
Großartig, danke!; Thanks
Danke für deine Geduld und Professionalität!; Thanks
Ich schätze deine Zeit und Mühe!; Thanks
Das bedeutet mir sehr viel, danke!; Thanks
Ich danke dir für deine unendliche Geduld!; Thanks
Super, vielen Dank!; Thanks
Das war sehr hilfreich, vielen Dank!; Thanks
Danke für deine Hingabe und Mühe!; Thanks
Danke für alles, was du getan hast!; Thanks
Ich danke dir für deine Zeit!; Thanks
Ich bin so dankbar für deine Unterstützung!; Thanks
Ich bin dir dankbar!; Thanks
Das ist sehr nett von dir, vielen Dank!; Thanks
Ich danke dir für deine Geduld!; Thanks
Ich bin dir wirklich dankbar für deine Hilfe!; Thanks
Ich bin dankbar für deine Geduld!; Thanks
Das ist sehr nett von dir, danke!; Thanks
Ich danke dir für deine Freundlichkeit und Hilfe!; Thanks
Danke, dass du mir geholfen hast!; Thanks
Deine Hilfe bedeutet mir sehr viel, danke!; Thanks
Ich schulde dir einen Gefallen!; Thanks
Tausend Dank!; Thanks
Danke für deine Unterstützung und Ermutigung!; Thanks
Ich bin dankbar für deine Expertise, danke!; Thanks
Du hast mir wirklich aus der Klemme geholfen, danke!; Thanks
Danke für deine Mühe!; Thanks
Ich bin dir sehr dankbar für deine Hilfe!; Thanks
Du hast einen super Job gemacht, danke!; Thanks
Vielen, vielen Dank!; Thanks
Ich weiß deine Hilfe wirklich zu schätzen, danke!; Thanks
Ich möchte mich bei dir bedanken!; Thanks
Du bist ein Lebensretter, danke!; Thanks
Ich schulde dir einen Gefallen, danke!; Thanks
Ich bin sehr dankbar für deine Unterstützung!; Thanks
Ich danke dir für deine Expertise und Hilfe!; Thanks
Das ist sehr hilfreich, danke!; Thanks
Ich danke dir für deine Hilfe!; Thanks
Das ist sehr aufmerksam von dir, danke!; Thanks
Danke!; Thanks
Ich danke dir von Herzen!; Thanks
Ich schätze deine Hilfe!; Thanks
Herzlichen Dank!; Thanks
Du bist großartig, danke dafür!; Thanks
Du hast mir wirklich aus der Patsche geholfen, danke!; Thanks
Ich bin dir wirklich dankbar für deine Mühe!; Thanks
Ich schätze dein Engagement, danke!; Thanks
Ich bin so froh, dass du da bist, danke!; Thanks
Ich bin wirklich erleichtert, danke!; Thanks
Ich danke dir aufrichtig!; Thanks
Deine Hilfe hat den Unterschied gemacht, danke!; Thanks
Deine Hilfe hat mir sehr geholfen, danke!; Thanks
Du bist großartig, danke!; Thanks
Danke für deine wertvolle Zeit und Mühe!; Thanks
Danke für deine unermüdliche Arbeit!; Thanks
Ich bin dir dankbar!; Thanks
Ich danke dir für deine Unterstützung!; Thanks
Ich schätze deine großzügige Hilfe, danke!; Thanks
Ich bin wirklich dankbar für deine Unterstützung!; Thanks
Ich danke dir von ganzem Herzen!; Thanks
Ich bin sehr erleichtert, danke!; Thanks
Du hast mir sehr geholfen, danke!; Thanks
Du hast mir sehr geholfen, danke!; Thanks
Danke, das ist sehr nett!; Thanks
Du bist ein Schatz, danke!; Thanks
Ja, das ist die Antwort.; Yes
Ja, das ist so.; Yes
Selbstredend.; Yes
Natürlich.; Yes
Genau das meine ich auch.; Yes
Richtig erkannt.; Yes
Ja, genau das.; Yes
Genau.; Yes
Gerne.; Yes
Exakt.; Yes
Verstehe.; Yes
Okay.; Yes
So sehe ich das auch.; Yes
Verstanden.; Yes
Genau das.; Yes
Ja, das ist richtig erkannt.; Yes
Eindeutig.; Yes
Selbstverständlich.; Yes
Zweifellos.; Yes
In der Tat.; Yes
Ja, das kann ich bestätigen.; Yes
Auf jeden Fall.; Yes
Ja, das stimmt.; Yes
Ja, das ist zutreffend.; Yes
Ja; Yes
Bestätigt.; Yes
Vollkommen korrekt.; Yes
Unbedingt.; Yes
Das stimmt genau.; Yes
So sieht es aus.; Yes
Das ist wahrhaftig so.; Yes
Ja, das ist so.; Yes
So ist es.; Yes
Stimmt genau.; Yes
Verstehe, ich bin einverstanden.; Yes
Da hast du recht.; Yes
Sicher.; Yes
Ja, genau so ist es.; Yes
Gewiss, das ist wahr.; Yes
Bestätige ich.; Yes
So sieht es aus, ja.; Yes
Ja, das trifft zu.; Yes
Ich bestätige das.; Yes
Das ist richtig.; Yes
Zustimmung.; Yes
Jawoll.; Yes
So ist es.; Yes
Ja, das ist korrekt.; Yes
Exakt, so ist es.; Yes
Stimmt.; Yes
Das ist richtig.; Yes
Genau das.; Yes
Absolut korrekt.; Yes
Genau so ist es.; Yes
Absolut richtig.; Yes
Absolut einverstanden.; Yes
Ganz meine Rede.; Yes
Stimme voll zu.; Yes
Definitiv ja.; Yes
Ja, das ist die Lösung.; Yes
Ja, das ist richtig.; Yes
Das ist wahr.; Yes
Ja, das ist so.; Yes
Absolut.; Yes
Ganz genau so.; Yes
Jawohl.; Yes
Klar.; Yes
Das ist korrekt.; Yes
So ist es tatsächlich.; Yes
Exakt das, was ich meine.; Yes
Alles klar soweit.; Yes
So sieht es aus.; Yes
