"Zeige mir bitte noch mehr Suchergebnisse, die meiner vorherigen Suche entsprechen."
"Ich benötige mehr Suchergebnisse, um meine Recherche zu vervollständigen. Kannst du mir bitte weiterhelfen?"
"Gibt es noch mehr Resultate, die meiner Suche entsprechen?"
"Könntest du mir bitte weitere passende Suchergebnisse präsentieren?"
"Gibt es noch weitere relevante Resultate, die du mir präsentieren kannst?"
"Könntest du mir bitte alle weiteren relevanten Ergebnisse zeigen, die zu meiner Suche passen?"
"Zeig mir bitte alle Resultate."
"Kannst du mir weitere Ergebnisse zeigen?"
"Kannst du mir bitte weitere relevante Ergebnisse zeigen?"
"Kannst du mir bitte alle weiteren verfügbaren Suchergebnisse präsentieren?"
"Kannst du mir bitte alle weiteren relevanten Suchergebnisse anzeigen?"
"Gibt es noch andere passende Suchergebnisse, die ich übersehen habe?"
"Könntest du mir bitte weitere Informationen zu diesem Thema zur Verfügung stellen, die ich noch nicht gesehen habe?"
"Könntest du mir bitte zusätzliche Suchergebnisse zeigen?"
"Kannst du mir weitere relevante Suchergebnisse anzeigen, die ich übersehen habe?"
"Könntest du mir bitte weitere passende Ergebnisse präsentieren?"
"Gibt es noch weitere relevante Informationen zu diesem Thema, die ich übersehen habe?"
"Ich brauche noch mehr Ergebnisse, um meine Suche zu vervollständigen."
"Könntest du mir bitte noch weitere relevante Suchergebnisse anzeigen?"
"Ich bin noch nicht zufrieden mit den Suchergebnissen. Könntest du mir weitere zeigen?"
"Könntest du mir bitte noch mehr passende Ergebnisse zeigen?"
"Ich brauche weitere Resultate."
"Könntest du mir bitte weitere Ergebnisse anzeigen, die meiner Suche entsprechen?"
"Ich brauche noch mehr Ergebnisse zu meiner vorherigen Suche."
"Kannst du mir noch weitere relevante Suchergebnisse zeigen?"
"Ich benötige weitere Suchergebnisse, um meine Recherche zu vervollständigen."
"Kannst du mir bitte alle weiteren relevanten Suchergebnisse zeigen?"
"Ich benötige noch mehr Ergebnisse."
"Gibt es noch andere relevante Suchergebnisse?"
"Ich hätte gerne weitere Suchergebnisse, um meine Suche zu erweitern."
"Kannst du mir bitte alle weiteren Resultate anzeigen?"
"Könntest du mir bitte weitere relevante Suchergebnisse präsentieren?"
"Ich möchte gerne weitere relevante Ergebnisse sehen."
"Könntest du mir bitte weitere relevante Suchergebnisse anzeigen?"
"Könntest du bitte alle weiteren Ergebnisse zu diesem Thema anzeigen?"
"Kannst du mir bitte alle verfügbaren Ergebnisse anzeigen, die meiner Suche entsprechen?"
"Ich möchte gerne alle weiteren passenden Ergebnisse angezeigt bekommen."
"Könntest du mir bitte alle weiteren verfügbaren Ergebnisse anzeigen?"
"Ich brauche mehr Ergebnisse."
"Ich brauche noch mehr Informationen zu meinem Thema."
"Kannst du mir weitere Resultate zeigen?"
"Zeige mir bitte alle verfügbaren Ergebnisse."
"Ich benötige mehr Suchergebnisse."
"Könntest du mir bitte weitere relevante Ergebnisse anzeigen?"
"Gibt es noch mehr Resultate, die relevant für meine Suche sind?"
"Kannst du mir bitte weitere relevante Informationen zu diesem Thema anzeigen?"
"Könntest du mir bitte weitere Suchergebnisse zeigen, die meiner Suche entsprechen?"
"Gibt es noch weitere Ergebnisse, die ich überprüfen sollte?"
"Zeige mir weitere Ergebnisse."
"Könntest du bitte alle weiteren verfügbaren Ergebnisse anzeigen?"
"Zeige mir bitte alle weiteren passenden Ergebnisse."
"Zeig mir bitte alle weiteren verfügbaren Ergebnisse."
"Kannst du mir bitte noch mehr relevante Suchergebnisse zeigen?"
"Könntest du mir bitte mehr Suchergebnisse präsentieren?"
"Ich brauche mehr Informationen. Kannst du mir bitte weitere Ergebnisse zeigen?"
"Zeige mir bitte alle weiteren Resultate, die meiner Suche entsprechen."
"Könntest du mir bitte noch mehr relevante Ergebnisse zeigen?"
"Zeig mir bitte alle verfügbaren Resultate, die meiner Suche entsprechen."
"mehr"
"Ergebnisse"
"weitere"