"Wo kann ich Infos zum Thema Suchbegriff finden?",
"Wo kann ich erfahren, wie man Suchbegriff durchführt?",
"Wo kann ich spezifische Anwendungen von Suchbegriff finden?",
"Wo kann ich Beispiele für Suchbegriff finden?",
"Wo kann ich Ressourcen über Suchbegriff finden?",
"Wo kann ich mehr über Suchbegriff lernen?",
"Wo kann ich Bücher über Suchbegriff finden?",
"Wo kann ich Grundlagen von Suchbegriff finden?",
"Wo kann ich Tutorials zu Suchbegriff finden?",
"Wo kann ich eine Einführung in Suchbegriff finden?",
"Wo kann ich Beispiele für Suchbegriff finden?",
"Wo kann ich mehr über Suchbegriff erfahren?",
"Wo kann ich eine einfache Erklärung für den Begriff Suchbegriff finden?",
"Wo finde ich Übungen zu Suchbegriff?",
"Wo finde ich Infos zu Suchbegriff?",
"Wo finde ich die Grundlagen von Suchbegriff?",
"Wo finde ich Artikel über Suchbegriff?",
"Wo finde ich Informationen über Suchbegriff?",
"Wo finde ich Videos, die Suchbegriff erklären?",
"Wo finde ich Bücher oder Artikel über Suchbegriff?",
"Wo finde ich Lernmaterialien zu Suchbegriff?",
"Wo steht was zu Suchbegriff?",
"Zeig mir Inhalte zu Suchbegriff",
"Wie führt man Suchbegriff durch?",
"Welche Informationsquellen gibt es zur Suchbegriff?"
"Könntest du mir erklären, was der Begriff Suchbegriff bedeutet?",
"Könntest du mir erklären, was Suchbegriff bedeutet?",
"Könntest du mir eine einfache Erklärung von Suchbegriff geben?",
"Könntest du mir eine kurze Erklärung für den Begriff Suchbegriff geben?",
"Kannst du mir eine Definition von Suchbegriff geben?",
"Kannst du mir eine kurze Beschreibung von Suchbegriff geben?",
"Kannst du mir eine präzise Erklärung geben, was mit Suchbegriff gemeint ist?",
"Ich verstehe den Begriff Suchbegriff nicht. Kannst du ihn erklären?",
"Was ist das Ziel der Suchbegriff und wie wird es erreicht?",
"Was ist die Bedeutung von Suchbegriff?",
"Was ist mit Suchbegriff gemeint?",
"Was ist Suchbegriff?",
"Was ist die Definition von Suchbegriff?",
"Was sind die grundlegenden Konzepte hinter der Suchbegriff?",
"Was bezeichnet man als Suchbegriff?",
"suchen",
"finden",
"Definition",
"Bedeutung",
"erklären"