"Ich will was wiederholen",
"Alte wiederholen",
"Was sollte ich nochmal anschauen?",
"Wo kann ich mich noch verbessern?",
"Welche Themen sind für mich noch neu?"
"Wo brauche ich noch mehr Übung und Vertiefung?",
"Welche Bereiche sollten noch vertieft werden?",
"Wo sollte ich noch mehr Zeit investieren?",
"Gibt es noch Themen, die ich nicht ausreichend verstanden habe?",
"Wo kann ich noch wachsen und mich weiterentwickeln?",
"Wo benötige ich noch Unterstützung?",
"Welche Themenbereiche sollte ich noch angehen?",
"In welchen Bereichen sollte ich mich noch weiterbilden?",
"Wo sehe ich noch Verbesserungspotenzial?",
"Wo kann ich noch mehr lernen?",
"In welchen Themenbereichen sollte ich noch mehr Erfahrung sammeln?",
"In welchen Bereichen kann ich noch dazulernen?",
"In welchen Einheiten sollte ich noch stärker werden?",
"Wo habe ich noch Defizite?",
"Wo habe ich noch Lücken in meinem Wissen?",
"Welche Module sollten noch bearbeitet werden?",
"Wo kann ich meine Kenntnisse noch erweitern?",
"Wo muss ich noch mehr Zeit investieren?",
"Wo sollte ich meine Kenntnisse noch verbessern?",
"In welchen Bereichen bin ich noch nicht so stark?",
"In welchen Einheiten habe ich noch Lernbedarf?",
"Wo kann ich meine Fähigkeiten noch ausbauen?",
"In welchen Bereichen sollte ich noch weiterhin arbeiten?",
"Wo kann ich meine Fähigkeiten noch stärker ausbauen?",
"Welche Themen sollte ich noch intensiver behandeln?",
"Wo habe ich noch Schwierigkeiten?",
"Wo gibt es noch Potenzial für Verbesserungen?",
"Auf welchen Gebieten benötige ich noch mehr Übung?",
"Wo liegen noch meine Schwächen?",
"In welchen Einheiten sollte ich noch weiter lernen?",
"Welche Themen erfordern noch mehr Aufmerksamkeit von mir?",
"Welche Themen sind für mich noch herausfordernd?",
"Wo habe ich noch Entwicklungspotential?",
"Welche Themen sollten noch behandelt werden?",
"Wo fehlt mir noch Wissen?",
"Wo muss ich mich noch verbessern?",
"Wo sollte ich noch weiter lernen?",
"In welchen Bereichen brauche ich noch mehr Unterstützung?",
"Wo habe ich noch Herausforderungen?",
"Wo kann ich noch Fortschritte erzielen?",
"Wo kann ich noch dazulernen?",
"Welche Bereiche sollte ich noch weiter ausbauen?",
"Gibt es bestimmte Module, die ich noch einmal durchgehen sollte?",
"In welchen Bereichen benötige ich noch Übung?",
"Wo kann ich noch Wissen aufbauen?",
"Welche Themen sollte ich noch vertiefen?",
"Wo habe ich noch Wissenslücken?",
"Welche Bereiche benötigen noch Aufmerksamkeit und Übung?",
"In welchen Bereichen muss ich noch mehr tun?",
"Welche Themen sollten noch vertieft werden?",
"In welchen Themen kann ich mich noch steigern?",
"In welchen Themenbereichen sollte ich noch Fortschritte machen?",
"Wo gibt es noch Lücken in meinem Wissen?",
"Wo liegen meine Schwächen und wo kann ich mich noch verbessern?",
"Gibt es noch Bereiche, in denen ich mich unsicher fühle?",
"Welche Bereiche benötigen noch meine Aufmerksamkeit?",
"Wo sollte ich meine Bemühungen verstärken?",
"Welche Bereiche sollten noch stärker bearbeitet werden?",
"In welchen Einheiten brauche ich noch mehr Übung?",
"Wo kann ich noch mehr Kenntnisse erlangen?",
"Wo gibt es noch Nachholbedarf für mich?",
"Wo kann ich meine Fertigkeiten noch verbessern?",
"Welche Fähigkeiten sollten noch trainiert werden?",
"Wo gibt es noch Verbesserungspotenzial für mich?",
"Wo kann ich noch bessere Ergebnisse erzielen?",
"Welche Bereiche sollten noch mehr beachtet werden?",
"In welchen Einheiten kann ich noch dazulernen?",
"In welchen Bereichen fehlt mir noch Wissen?",
"verbessern",
"Kann ich die Inhalte eines bestimmten Moduls erneut durchgehen?",
"Wo finde ich die Themen, die ich bereits bearbeitet habe?",
"Kann ich die Einheiten, die ich bereits bearbeitet habe, noch einmal durchgehen?",
"Welche Einheiten müssen noch einmal betrachtet werden?",
"In welchem Bereich muss ich noch einmal üben, um mich zu verbessern?",
"Kann ich noch einmal durch einen bestimmten Abschnitt gehen?",
"Welche Themen sollten noch einmal geübt werden, um meine Kenntnisse zu verbessern?",
"Welche Themen sollte ich noch einmal üben?",
"Welches Kapitel sollte ich noch einmal ansehen?",
"In welchen Bereichen benötige ich nochmal Unterstützung und Übung?",
"Was kann ich wiederholen?",
"Was ist das nächste, was ich noch einmal wiederholen sollte?",
"Welche Lerninhalte brauchen noch einmal Wiederholung?",
"Welches Thema sollte ich noch einmal betrachten?",
"Kann ich die Einheiten, noch einmal durchgehen?",
"Welches Thema kann ich noch einmal durchgehen?",
"Welche Lektionen sollte ich mir erneut anschauen?",
"In welchen Bereichen benötige ich nochmal Übung?",
"Welches Thema sollte ich noch einmal angehen?",
"Welche Lektionen sollten noch einmal durchgegangen werden?",
"In welchen Bereichen sollte ich meine Fähigkeiten nochmal verbessern?",
"Was sind die Module, die ich noch einmal durchgehen sollte?",
"Gibt es Module, die ich noch einmal durchgehen sollte?",
"In welchen Bereichen sollte ich nochmal üben?",
"Welche Lektionen sollte ich noch einmal ansehen?",
"Kann ich noch einmal eine bestimmte Einheit üben?",
"Welches Thema braucht noch einmal Aufmerksamkeit?",
"Wo kann ich die Themen finden, die ich bereits behandelt habe?",
"Was sind die Bereiche, in denen ich noch Übung brauche?",
"Welche Lernmodule sollten noch einmal durchgegangen werden?",
"Was kann ich noch einmal wiederholen?",
"Welche Themen sollten noch einmal wiederholt werden?",
"Welche Lektionen sollten nochmal durchgegangen werden?",
"Gibt es Einheiten, die ich wiederholen sollte?",
"Gibt es Module, die ich nochmal durchgehen sollte?",
"Wo finde ich die Themen, die ich bereits behandelt habe?",
"Welche Themen sollte ich nochmal bearbeiten?",
"Was ist das nächste Thema, das ich noch einmal betrachten sollte?",
"Welche Themen benötigen noch einmal Aufmerksamkeit?",
"Welche Themen sollten noch einmal durchgegangen werden?",
"Welche Bereiche benötigen noch einmal Aufmerksamkeit?",
"In welchen Bereichen habe ich Schwierigkeiten und sollte diese nochmal üben?",
"Wo finde ich die Module, die ich bereits abgeschlossen habe?",
"Welche Lerninhalte können noch einmal durchgegangen werden?",
"In welchem Bereich sollte ich noch einmal meine Fähigkeiten verbessern?",
"Was sind meine Optionen zum Wiederholen?",
"Welches Modul kann ich noch einmal durchgehen, um mich zu verbessern?",
"Was sind die Themen, die ich noch einmal durchgehen sollte?",
"In welchen Bereichen benötige ich noch Übung?",
"Was sind die Lernmodule, die ich wiederholen kann?",
"Welches Thema sollte ich mir noch einmal ansehen?",
"Gibt es Einheiten, die ich noch einmal durchgehen sollte?",
"Kann ich die Inhalte eines bestimmten Moduls noch einmal durchgehen?",
"Welche Themen sollten erneut behandelt werden?",
"Welche Themen sollte ich nochmal durchgehen?",
"Welche Module sollten noch einmal bearbeitet werden?",
"Welche Lektionen sollten noch einmal betrachtet werden?",
"Kann ich noch einmal durch eine bestimmte Lektion gehen?",
"Wo kann ich die Inhalte eines bestimmten Moduls erneut durchgehen?",
"Welche Bereiche sind noch schwierig für mich und sollten nochmal geübt werden?",
"In welchem Bereich kann ich noch einmal üben?",
"Wo kann ich die Einheiten finden, die ich bereits bearbeitet habe?",
"Wo finde ich die Einheiten, die ich bereits abgeschlossen habe?",
"Welches Modul könnte ich noch einmal durcharbeiten?",
"Welche Einheiten sollten noch einmal wiederholt werden?",
"Wo kann ich die Lektionen erneut anschauen?",
"In welchem Bereich sollte ich noch einmal üben?",
"Welches Thema soll ich noch einmal durchgehen?",
"Kann ich mich noch einmal in ein Thema vertiefen?",
"Welche Module kann ich noch einmal durchgehen?",
"Gibt es ein bestimmtes Modul, das ich noch einmal durcharbeiten sollte?",
"wiederholen",
"erneut",
"nochmal",
"noch einmal",
"bereits"