"Gibt es neue Nachrichten?",
"Was gibts neues im Forum?",
"Sollte ich mal wieder ins Forum schauen?",
"Nachrichten",
"Was habe ich verpasst?",
"Sind neue Beiträge verfügbar?",
"Gibt es aktuelle Nachrichten im Forum?",
"Zeig mir bitte die neuesten Forenbeiträge",
"Hast du Informationen über aktuelle Diskussionen?",
"Gibt es neue Einträge im Forum?",
"Welche Neuigkeiten gibt es im Forum?",
"Gibt es aktuelle Forenaktivitäten?",
"Zeig mir die letzten Forumseinträge",
"Sind frische Nachrichten im Forum verfügbar?",
"Was gibt es Neues in den Foren?",
"Gibt es kürzlich aktualisierte Forenthemen?",
"Welche Diskussionen sind in letzter Zeit aufgekommen?",
"Zeige mir die aktuellsten Forenbeiträge, bitte",
"Hast du Informationen über neu gestartete Diskussionen?",
"Gibt es frische Beiträge im Forum?",
"Was hat sich im Forum getan?",
"Sind neue Nachrichten in den Foren veröffentlicht worden?",
"Zeig mir die neuesten Diskussionen im Forum",
"Gibt es Aktualisierungen in den Foren?",
"Hast du Infos über die jüngsten Forenbeiträge?",
"Gibt es kürzlich eingestellte Nachrichten im Forum?",
"Zeige mir aktuelle Themen im Forum",
"Gibt es Neuigkeiten von den Forenmitgliedern?",
"Sind neue Beiträge in den Diskussionen aufgetaucht?",
"Was ist kürzlich im Forum passiert?",
"Gibt es frische Informationen in den Forenbeiträgen?",
"Zeig mir die jüngsten Forenupdates",
"Gibt es aktuelle Diskussionen im Forum?",
"Hast du Infos über die letzten Forennachrichten?",
"Gibt es neue Entwicklungen im Forum?",
"Zeige mir bitte die neuesten Themen im Forum",
"Was gibt es Neues in den Forendiskussionen?",
"Gibt es frische Beiträge in den Foren?",
"Sind in letzter Zeit neue Diskussionen entstanden?",
"Welche Themen sind kürzlich im Forum aufgekommen?",
"Gibt es Neuigkeiten in den Forenbeiträgen?",
"Zeige mir die aktuellsten Forenupdates",
"Gibt es kürzlich veröffentlichte Nachrichten im Forum?",
"Was gibt es Neues in den Diskussionen?",
"Hast du Informationen über aktuelle Forenbeiträge?",
"Forum",
"Posts"