"Worum geht es im Abschnitt ...?",
"Was lernt man in Abschnitt ...?",
"Worum geht es in ...?",
"Inhalt von ...?",
"Fasse den Inhalt von ... zusammen",
"Kannst du mir eine Zusammenfassung darüber geben, worum es im Abschnitt ... geht?",
"Was wird im Modul ... behandelt?",
"Kannst du mir sagen, was man im Abschnitt ... lernt?",
"Was ist das Hauptthema des Moduls ...?",
"Könntest du mir kurz erläutern, worum es im Abschnitt ... geht?",
"Welche Inhalte werden im Modul ... abgedeckt?",
"Kannst du mir eine kurze Übersicht darüber geben, was im Abschnitt ... behandelt wird?",
"Was erfährt man im Modul ...?",
"Kannst du mir zusammenfassen, worum es im Abschnitt ... geht?",
"Was ist der Schwerpunkt im Modul ...?",
"Kannst du mir kurz skizzieren, was im Abschnitt ... besprochen wird?",
"Um welche Themen geht es im Modul ...?",
"Kannst du mir in Kürze erklären, was im Abschnitt ... behandelt wird?",
"Was sind die Hauptpunkte im Modul ...?",
"Könntest du mir einen Überblick darüber geben, worum es im Abschnitt ... geht?",
"Welche Konzepte werden im Modul ... vermittelt?",
"Kannst du mir die Schlüsselideen des Abschnitts ... zusammenfassen?",
"Was steht im Modul ... auf dem Lehrplan?",
"Könntest du mir eine kurze Beschreibung geben, was im Abschnitt ... vorkommt?",
"Welche Lektionen werden im Modul ... vermittelt?",
"Kannst du mir kurz erzählen, was im Abschnitt ... abgehandelt wird?",
"Was sind die zentralen Punkte im Modul ...?",
"Könntest du mir einen Überblick über den Inhalt des Abschnitts ... geben?",
"Was erwartet mich im Modul ...?",
"Kannst du mir die Kernthemen des Abschnitts ... skizzieren?",
"Was ist der Fokus im Modul ...?",
"Könntest du mir kurz erläutern, worum es im Abschnitt ... geht?",
"Was sind die Hauptinhalte des Moduls ...?",
"Kannst du mir eine Zusammenfassung darüber geben, was im Abschnitt ... diskutiert wird?",
"Was lernt man im Modul ... genau?",
"Könntest du mir kurz zusammenfassen, was im Abschnitt ... enthalten ist?",
"Was sind die Kernthemen im Modul ...?",
"Kannst du mir einen Überblick über die Inhalte des Abschnitts ... verschaffen?",
"Was erwartet die Teilnehmer im Modul ...?",
"Könntest du mir kurz erklären, worum es im Abschnitt ... geht?",
"Was sind die wichtigsten Lektionen im Modul ...?",
"Kannst du mir zusammenfassen, was im Abschnitt ... vermittelt wird?",
"Was sind die zentralen Ideen im Modul ...?",
"Könntest du mir kurz darlegen, worum es im Abschnitt ... geht?",
"Was sind die Hauptthemen des Moduls ...?",
"Modul",
"Abschnitt",
"Zusammenfassen"