"Einstellungen",
"Einstellungen verwalten"
"Einstellungen anzeigen"
"Einstellungen ändern",
"Einstellungen bearbeiten",
"Ändere meine Einstellungen",
"Pass meine Einstellungen an",
"Einstellungen verändern, bitte",
"Ich möchte meine Einstellungen modifizieren",
"Einstellungen anpassen",
"Kann ich meine Einstellungen konfigurieren?",
"Einstellungen ändern, wenn möglich",
"Ich will die Einstellungen editieren",
"Verwalte meine Einstellungen, bitte",
"Verwalte meine Einstellungen",
"Ändere meine Konfiguration",
"Modifiziere meine Einstellungen",
"Einstellungen aktualisieren, bitte",
"Einstellungen aktualisieren",
"Pass meine Voreinstellungen an",
"Bearbeite meine Einstellungen",
"Kann ich meine Optionen anpassen?",
"Verändere meine Einstellungen nach Bedarf",
"Ich würde gerne meine Einstellungen anpassen",
"Passt du meine Einstellungen an?",
"Einstellungen modifizieren, falls nötig",
"Könnten wir meine Einstellungen anpassen?",
"Ändere bitte meine Einstellungen",
"Verwalte meine Optionen",
"Kannst du meine Voreinstellungen ändern?",
"Ich möchte meine Einstellungen überarbeiten",
"Pass meine Optionen nach meinen Wünschen an",
"Einstellungen nach meinen Präferenzen gestalten",
"Ich will meine Einstellungen anpassen",
"Könntest du meine Konfiguration ändern?",
"Bearbeite bitte meine Einstellungen",
"Modifiziere meine Voreinstellungen",
"Einstellungen nach meinen Anforderungen ändern",
"Kannst du meine Optionen aktualisieren?",
"Ändere bitte meine Konfiguration",
"Pass meine Einstellungen meinen Vorlieben an",
"Ich möchte meine Optionen verändern",
"Einstellungen an meine Bedürfnisse anpassen",
"Verwalte bitte meine Konfiguration",
"Ich würde gerne meine Optionen überprüfen",
"Ändere bitte meine Einstellungen entsprechend",
"anpassen",
"verwalten"